Date,Open,High,Low,Close,Adj Close,Volume
01-01-2013,240.490005,243.404999,239.755005,242.645004,221.025604,17202300
02-01-2013,245,246.399994,243.815002,245.054993,223.220871,14660120
03-01-2013,246,248.240005,243.619995,247.160004,225.138336,20103090
04-01-2013,246,249.294998,245.065002,248.669998,226.513794,13705950
07-01-2013,249,249.899994,246.175003,246.759995,224.773972,10264490
08-01-2013,246.800003,250,246.300003,249.335007,227.119553,16123870
09-01-2013,249.399994,254,249.399994,252.279999,229.802155,22474110
10-01-2013,253.994995,255.169998,252.25,253.910004,231.286926,21504650
11-01-2013,254.899994,255,248.324997,249.104996,226.910049,14156720
14-01-2013,249.100006,251.994995,247.520004,249.975006,227.702515,17721580
15-01-2013,250.5,251.740005,247.020004,248.985001,226.80072,12219330
16-01-2013,248,249.350006,242.399994,243.240005,221.567612,14390080
17-01-2013,242.550003,248.244995,242.300003,246.985001,224.978928,14091240
18-01-2013,248.5,251.764999,247.809998,249.205002,227.001099,16073730
21-01-2013,249.5,251.139999,249.009995,249.945007,227.675217,11849060
22-01-2013,249,250.899994,245.440002,246.445007,224.487045,12954000
23-01-2013,247.100006,249.205002,245.214996,248.039993,225.939911,15042750
24-01-2013,248,248.434998,244.054993,245.914993,224.004242,17650270
25-01-2013,245.970001,252.479996,244.800003,251.369995,228.973236,12460930
28-01-2013,252.5,253.380005,248.300003,249.154999,226.955597,18349860
29-01-2013,249.054993,253.5,245.505005,246.244995,224.30484,46331240
30-01-2013,247.699997,248.699997,242.660004,243.610001,221.904648,23715290
31-01-2013,243.600006,245.664993,241.615005,243.800003,222.077713,25528120
01-02-2013,243.100006,245.210007,240.100006,241.235001,219.741257,14516810
04-02-2013,241.75,242.925003,234.5,235.259995,214.298615,18596650
05-02-2013,235,238.059998,232.809998,237.149994,216.020218,22375350
06-02-2013,238.5,238.789993,234.199997,234.869995,213.943344,13866580
07-02-2013,233.399994,236.399994,232.014999,232.660004,211.930267,13760530
08-02-2013,232,234.289993,227.610001,228.615005,208.245682,17646650
11-02-2013,228.990005,231.190002,227.735001,229.434998,208.992615,14811360
12-02-2013,230.100006,230.759995,227.880005,229.639999,209.179367,13296820
13-02-2013,230.199997,232.324997,224.25,225.470001,205.380905,27599120
14-02-2013,225,226.899994,217.5,221.574997,201.832947,60922460
15-02-2013,220.699997,224.770004,220.514999,223.345001,203.445236,21127420
18-02-2013,223.5,226.880005,223.5,226.270004,206.109604,18380120
19-02-2013,226.884995,228,223.699997,227.350006,207.093369,13692360
20-02-2013,228.5,228.714996,224.660004,225.205002,205.139511,16094270
21-02-2013,223.940002,224.294998,220.014999,221.054993,201.359238,19310510
22-02-2013,221.100006,222.544998,219.005005,219.600006,200.033905,18284310
25-02-2013,221,223.899994,220.104996,222.089996,202.302032,16887440
26-02-2013,220.800003,221.600006,218.865005,219.839996,200.252487,16446360
27-02-2013,221.244995,223.264999,219.699997,221.339996,201.618851,14100300
28-02-2013,223.399994,223.669998,205.100006,208.089996,189.549423,58729590
01-03-2013,208.699997,210.895004,206.600006,208.764999,190.164291,21676800
04-03-2013,208.740005,210.860001,207.649994,209.949997,191.243698,18279980
05-03-2013,211.199997,213.899994,208.139999,212.854996,193.889877,19059400
06-03-2013,214.100006,217.494995,213.649994,216.860001,197.538025,21540750
07-03-2013,216.225006,217.199997,214.514999,216.615005,197.314865,11774640
08-03-2013,217.725006,221.895004,217.610001,220.949997,201.263626,19462340
11-03-2013,220.940002,222.100006,219.365005,220.470001,200.826401,14154810
12-03-2013,220.699997,222.800003,218.309998,220.684998,201.022232,21840370
13-03-2013,219.699997,221.804993,217.119995,217.934998,198.517258,21052580
14-03-2013,217.899994,226.149994,216.520004,225.505005,205.412781,33666130
15-03-2013,226.399994,227.380005,223.75,226.199997,206.045853,22161680
18-03-2013,223.770004,225.919998,223.335007,224.979996,204.93454,11219240
19-03-2013,226.600006,226.970001,217.014999,220.354996,200.721619,40393960
20-03-2013,219.949997,220.964996,211.029999,212.039993,193.147461,23048180
21-03-2013,212.600006,215.899994,208.024994,211.945007,193.060974,32310360
22-03-2013,212.324997,213,207.600006,208.395004,189.827255,20894740
25-03-2013,212.490005,212.505005,205.289993,205.824997,187.486237,22640640
26-03-2013,205,206.789993,202.710007,205.029999,186.7621,16268370
28-03-2013,204.884995,208,203.100006,207.274994,188.807022,18801120
01-04-2013,208.5,209.794998,206.645004,209.059998,190.432983,11155370
02-04-2013,208.220001,214.800003,207.565002,214.044998,194.973846,15282510
03-04-2013,213.625,215.695007,209.059998,210.460007,191.708252,23043560
04-04-2013,209.044998,209.699997,205.744995,206.759995,188.337952,15062340
05-04-2013,206.759995,208.399994,204.199997,205.669998,187.345047,16152430
08-04-2013,205.740005,207.139999,202.869995,203.369995,185.249954,10811270
09-04-2013,204.524994,206.600006,198,198.824997,181.10994,18252900
10-04-2013,199.899994,202.865005,197.610001,202.315002,184.288986,18994350
11-04-2013,203.479996,205,200.800003,204.235001,186.037888,18848870
12-04-2013,204,209.699997,202,208.179993,189.631409,20632180
15-04-2013,206.300003,215.839996,206.259995,214.630005,195.506729,18089020
16-04-2013,214.800003,219.395004,214,218.309998,198.858841,14838250
17-04-2013,219.5,226.985001,219.5,224.514999,204.510956,24644810
18-04-2013,225.339996,231.255005,223.5,229.964996,209.475388,21382190
22-04-2013,230.639999,236,230.639999,232.710007,211.975815,14450260
23-04-2013,234,234.330002,226.600006,228.75,208.368668,18770200
25-04-2013,230.899994,234.300003,229.399994,233.455002,212.654449,20535590
26-04-2013,232.5,233.455002,227.714996,228.794998,208.409637,11550470
29-04-2013,230.199997,230.945007,226.210007,227.354996,207.097931,13964420
30-04-2013,228.199997,229.25,222.535004,226.429993,206.255325,14814500
02-05-2013,227.5,232.684998,226.514999,229.945007,209.457169,20143690
03-05-2013,228.5,229.339996,220.600006,221.380005,201.655319,36583570
06-05-2013,220.554993,223.255005,218.300003,222.610001,202.775726,19604120
07-05-2013,222,226.399994,221.854996,225.679993,205.572159,12903980
08-05-2013,226,227.300003,223.154999,225.470001,205.380905,14795230
09-05-2013,226,232.679993,224.399994,229.095001,208.682922,22585460
10-05-2013,228.990005,232.300003,228.375,229.360001,208.924286,18603240
13-05-2013,230.5,231.875,226.809998,227.770004,207.475937,12807580
14-05-2013,227.324997,231.860001,226.639999,229.304993,208.874176,19822490
15-05-2013,231.009995,239.279999,230.524994,238.274994,217.044983,27233960
16-05-2013,237.529999,243.910004,237.199997,241.934998,220.378876,22683930
17-05-2013,242.044998,243.475006,238.800003,242.485001,220.879868,16893270
20-05-2013,243,247.199997,240.25,241.179993,219.691162,18149490
21-05-2013,242,242.899994,235.389999,236.070007,215.036438,19350270
22-05-2013,238,240.220001,234.554993,236.300003,215.245956,15125760
23-05-2013,235.5,235.5,215.300003,217.759995,198.357819,63821860
24-05-2013,219.199997,219.800003,212.740005,215.119995,195.953064,34747060
27-05-2013,215.399994,218.330002,214.679993,216.210007,196.945969,22382280
28-05-2013,213.539993,216.179993,212.25,212.979996,197.800385,21430960
29-05-2013,213.514999,213.929993,209.804993,210.630005,195.617859,16838910
30-05-2013,210,211.990005,207.904999,208.854996,193.969376,24345150
31-05-2013,208.190002,208.899994,204.205002,204.675003,190.087296,20767490
03-06-2013,204.809998,208.195007,204.005005,206.985001,192.232651,21804450
04-06-2013,207,208.399994,202.100006,202.820007,188.364502,18890680
05-06-2013,202.600006,204.440002,201.199997,203.175003,188.694214,19682800
06-06-2013,202.324997,206.699997,200.649994,204.880005,190.277679,24860940
07-06-2013,203.5,207.5,201.5,202.414993,187.988373,18938650
10-06-2013,204,204.699997,200.110001,201.154999,186.818176,14601870
11-06-2013,200.5,202.600006,198.199997,199.75,185.513306,27831190
12-06-2013,202.899994,202.899994,197.065002,200.604996,186.307358,31892330
13-06-2013,198.994995,203.580002,198.520004,201.880005,187.491501,21107870
14-06-2013,203.600006,205.899994,203.095001,204.585007,190.003723,18141370
17-06-2013,205.255005,207.399994,199.220001,206.580002,191.856522,25618850
18-06-2013,206.300003,207.5,203.725006,204.360001,189.794754,15409980
19-06-2013,204.399994,205.214996,202.869995,204.580002,189.999069,15403450
20-06-2013,200.899994,201.979996,198.735001,199.755005,185.517944,26521840
21-06-2013,199.399994,200.884995,196.630005,198.910004,184.733185,26461690
24-06-2013,198.304993,198.710007,193,194.845001,180.957901,21810540
25-06-2013,194.800003,194.949997,190.125,190.779999,177.182617,30781170
26-06-2013,191.399994,192.570007,189.210007,190.005005,176.462875,20557680
27-06-2013,192.149994,193,190.100006,191.25,177.619141,19891950
28-06-2013,193.800003,195.735001,193,195.380005,181.454788,15660360
01-07-2013,196.300003,202.100006,195.5,201.559998,187.19429,15135150
02-07-2013,201.115005,202.899994,198.229996,198.990005,184.807465,16265170
03-07-2013,197.600006,197.600006,189.279999,189.875,176.342133,25313640
04-07-2013,190.195007,192.345001,187.259995,189.994995,176.453552,28494530
05-07-2013,192.110001,192.770004,188.824997,189.445007,175.94278,17580390
08-07-2013,187.899994,188.190002,185.009995,187.320007,173.969238,15419820
09-07-2013,188.699997,191.25,188.059998,189.464996,175.961334,22886230
10-07-2013,190.705002,192.380005,186.535004,187.630005,174.257141,19184670
11-07-2013,191.100006,192.800003,190,191.134995,177.512329,15679190
12-07-2013,191.600006,191.994995,188.130005,189.339996,175.845276,14990890
15-07-2013,189.169998,191.714996,186.800003,191.229996,177.600555,23207480
16-07-2013,186,186,179.75,182.764999,169.738876,30413700
17-07-2013,183.600006,183.899994,179.009995,180.669998,167.793182,24112260
18-07-2013,181.300003,183.089996,179.100006,182.425003,169.423126,20494950
19-07-2013,182.899994,182.899994,179.865005,181.130005,168.220413,14077470
22-07-2013,180.699997,183.479996,180.600006,182.470001,169.464905,9686870
23-07-2013,183.800003,186.975006,183.270004,186.095001,172.831543,14172240
24-07-2013,182,182.699997,178.634995,180.125,167.287018,26278990
25-07-2013,179.399994,181.600006,178.910004,179.815002,166.999146,29959130
26-07-2013,181.100006,182.320007,175.169998,176.524994,163.943619,26165140
29-07-2013,176.725006,177,173.285004,174.005005,161.60321,16545080
30-07-2013,174.425003,177.399994,171.835007,172.330002,160.047592,27908980
31-07-2013,171.779999,171.979996,169,170.839996,158.663803,30356230
01-08-2013,171.794998,172.300003,166.5,168.320007,156.32341,23616550
02-08-2013,168.800003,170.895004,166.5,168.059998,156.081924,25310950
05-08-2013,168.800003,169.399994,165.559998,168.225006,156.235184,17653750
06-08-2013,166.5,167.639999,163.304993,164.139999,152.441315,25454280
07-08-2013,164.5,172.899994,163.600006,171.610001,159.378937,30640510
08-08-2013,170.824997,171.804993,165,166.414993,154.554184,22000410
12-08-2013,166.414993,166.970001,157.5,160.535004,149.093277,54399680
13-08-2013,159.470001,162.699997,157.5,161.994995,150.449188,40050290
14-08-2013,162.399994,164.335007,160.800003,162.440002,150.862503,22630340
16-08-2013,161.089996,161.399994,155.300003,157.059998,145.865921,33161930
19-08-2013,156.800003,156.800003,152.100006,153.050003,142.141739,27358320
20-08-2013,150,156.164993,148.860001,155.404999,144.328888,24469990
21-08-2013,164,165.089996,152.300003,154.800003,143.766998,32616310
22-08-2013,153.270004,157.190002,151.229996,156.475006,145.322632,39523490
23-08-2013,156.654999,158.675003,154.210007,155.910004,144.797897,22294020
26-08-2013,157.110001,158.485001,154.514999,155.725006,144.626099,17001610
27-08-2013,154.199997,154.225006,150.149994,152,141.16658,23246040
28-08-2013,150,151.199997,145.270004,149.785004,139.109451,25272130
29-08-2013,151.300003,152.460007,147.25,148.779999,138.176056,20084810
30-08-2013,148.639999,152.600006,147.029999,151.895004,141.069061,21562390
02-09-2013,152,154,151.035004,151.634995,140.827591,13421710
03-09-2013,152.494995,153.460007,146.110001,147.565002,137.047668,21050700
04-09-2013,147.600006,151.149994,145.570007,149.419998,138.770462,23858020
05-09-2013,153.600006,164.449997,153.335007,163.815002,152.139496,41009330
06-09-2013,163.800003,164.800003,159.690002,163.455002,151.805145,24826830
10-09-2013,166.005005,169.509995,162.100006,163.350006,151.707642,21510870
11-09-2013,162.289993,169.774994,160.229996,169.005005,156.959595,28928540
12-09-2013,170,170.770004,164.600006,165.839996,154.020172,19021980
13-09-2013,163.800003,168.600006,163.104996,166.110001,154.27092,17630960
16-09-2013,169.699997,170.5,163.529999,164.634995,152.901047,22536660
17-09-2013,165.199997,166,162.720001,163.365005,151.721558,16469200
18-09-2013,164.5,167.820007,163.690002,167.365005,155.436493,13959810
19-09-2013,174.399994,181.800003,174.315002,180.774994,167.890701,33437450
20-09-2013,181.380005,184.449997,169.240005,174.755005,162.299759,50467260
23-09-2013,170.914993,171.399994,164.335007,165.464996,153.671906,24899540
24-09-2013,162,165.414993,159.625,164.494995,152.771011,27959960
25-09-2013,164.024994,170.220001,164.020004,169.264999,157.20108,31710460
26-09-2013,168.524994,169.759995,166.429993,167.610001,155.664017,16402440
27-09-2013,168.054993,168.860001,162.735001,164.070007,152.376312,16454000
30-09-2013,161.380005,162.800003,159.664993,161.490005,149.980209,16838130
01-10-2013,162.235001,164.835007,161.399994,164.335007,152.622421,12547570
03-10-2013,164.300003,166.5,162.520004,166.020004,154.187332,17636560
04-10-2013,165,167.800003,163,165.065002,153.300415,20201430
07-10-2013,164.125,164.5,162.005005,163.304993,151.665817,11363520
08-10-2013,167.524994,167.949997,159.75,160.755005,149.297592,26710340
09-10-2013,159.089996,161.779999,157.384995,160.899994,149.432251,34175100
10-10-2013,161.024994,163.955002,160.800003,163.294998,151.656555,17336910
11-10-2013,165,167.190002,163.100006,165.279999,153.500061,15976780
14-10-2013,164.625,166.899994,164.365005,165.720001,153.908707,10581410
15-10-2013,166.399994,169.350006,161.110001,162.279999,150.713882,23221460
17-10-2013,162.565002,163.479996,160,162.130005,150.57457,19848640
18-10-2013,162.899994,167.190002,162.699997,166.460007,154.595963,16838070
21-10-2013,166.710007,169.5,166.199997,167.154999,155.24144,14555250
22-10-2013,167,169.190002,166,167.524994,155.585052,13665340
23-10-2013,169.199997,173.490005,168.5,171.654999,159.4207,32879400
24-10-2013,171.800003,174.490005,170.764999,171.830002,159.583252,21267920
25-10-2013,171.5,173.970001,170,172.095001,159.829361,14223140
28-10-2013,172.5,173.889999,167.139999,167.539993,155.598999,13060010
29-10-2013,167.100006,174.5,164.559998,174.044998,161.640366,30146060
30-10-2013,174.804993,175.850006,171.475006,172.104996,159.838638,14466420
31-10-2013,171.794998,180.339996,170.570007,179.675003,166.86911,33459510
01-11-2013,179.300003,189,178.929993,187.899994,174.507874,34197760
05-11-2013,187.229996,190.789993,184.020004,187.595001,174.224625,21888850
06-11-2013,186.199997,188.535004,180.399994,180.955002,168.057861,23159300
07-11-2013,181.080002,182.800003,174.699997,175.259995,162.768768,31283760
08-11-2013,174.899994,176.800003,173,174.429993,161.997925,17637190
11-11-2013,172.970001,175.294998,169.524994,170.434998,158.287674,18516020
12-11-2013,170.485001,171.699997,166.899994,167.294998,155.371445,24334250
13-11-2013,165.809998,173.729996,165.264999,169.705002,157.609695,60408150
14-11-2013,172.304993,174.085007,170.570007,172.309998,160.029022,18331450
18-11-2013,174.535004,177,173.210007,176.759995,164.16185,18948610
19-11-2013,176.399994,183,176.300003,182.339996,169.344162,28702840
20-11-2013,181.899994,183.470001,178.199997,179.570007,166.771591,23355560
21-11-2013,178.244995,178.860001,175.5,176.294998,163.729996,23675930
22-11-2013,176.759995,178.089996,173.5,173.794998,161.408188,17754460
25-11-2013,174.149994,181.160004,174.005005,180.664993,167.788544,22735900
26-11-2013,180,181.949997,178.100006,178.524994,165.801056,16048660
27-11-2013,178.600006,179.869995,175.690002,176.369995,163.799652,13691010
28-11-2013,177.699997,179.065002,176.074997,176.360001,163.79039,18432410
29-11-2013,176.100006,182.699997,176.100006,181.945007,168.977325,23401810
02-12-2013,182.699997,185.350006,181.240005,182.214996,169.228088,17459790
03-12-2013,181.494995,182.979996,180.524994,181.350006,168.424728,14806910
04-12-2013,180.699997,183.475006,179.699997,181.735001,168.782303,15426920
05-12-2013,186,188.264999,184.619995,185.595001,172.367188,23662450
06-12-2013,185.199997,186.710007,184.505005,185.955002,172.701523,14500680
09-12-2013,191.100006,192.399994,188.505005,189.085007,175.608444,18775040
10-12-2013,189.475006,189.860001,183.630005,184.330002,171.192337,18864240
11-12-2013,184,184.294998,178.149994,179.654999,166.850525,20710400
12-12-2013,179,179.800003,177.154999,177.699997,165.034882,15817310
13-12-2013,175.800003,177,174.009995,174.360001,161.932922,16462210
16-12-2013,173.009995,176.190002,172.735001,173.210007,160.864868,13021320
17-12-2013,175.020004,175.5,171.264999,171.830002,159.583252,17632770
18-12-2013,171.5,177.889999,171.5,176.339996,163.77182,23581260
19-12-2013,177.229996,177.839996,171.25,173.104996,160.767349,18373200
20-12-2013,172.5,175.800003,172.005005,175.119995,162.638748,15023660
23-12-2013,174.5,177.279999,174.5,175.845001,163.312073,13320010
24-12-2013,175.914993,177.199997,175.199997,175.925003,163.386368,13339310
26-12-2013,175.300003,177.169998,174.699997,175.345001,162.847717,16332130
27-12-2013,175.5,178.139999,175.5,177.009995,164.394043,10695570
30-12-2013,178.080002,178.869995,175.509995,176.460007,163.88324,10861570
31-12-2013,175.945007,177.300003,174.970001,176.649994,164.059708,10753080
01-01-2014,177.199997,177.490005,176.125,176.505005,163.925034,5904780
02-01-2014,176.589996,180.600006,173.220001,174.259995,161.840027,19451900
03-01-2014,172.699997,173.600006,171.100006,171.964996,159.708618,13759590
06-01-2014,172.190002,172.399994,168.199997,168.815002,156.783142,13907830
07-01-2014,169.289993,170.199997,165.5,166.139999,154.298767,17352910
08-01-2014,166.425003,167.794998,165.100006,165.714996,153.904053,14248790
09-01-2014,165.300003,166.274994,163,163.979996,152.292725,14791100
10-01-2014,163.955002,165.600006,160,160.815002,149.353317,20473070
13-01-2014,161.014999,164.509995,161.014999,164.125,152.427399,15564850
14-01-2014,163.5,164.899994,162.335007,162.75,151.150391,10197000
15-01-2014,163.199997,165.800003,163.199997,164.070007,152.376312,13624980
16-01-2014,164.414993,165.175003,163.244995,163.619995,151.958374,7241970
17-01-2014,163.455002,164.449997,161.699997,162.154999,150.597778,11207380
20-01-2014,162.154999,164.589996,161.664993,164.184998,152.483124,9468650
21-01-2014,165.389999,167.270004,164.619995,165.949997,154.12233,12351890
22-01-2014,165.399994,165.794998,163.524994,164.684998,152.947479,9821920
23-01-2014,163.899994,166.300003,163.615005,165.830002,154.010895,9241310
24-01-2014,164.899994,166.490005,161.800003,162.119995,150.565292,16616560
27-01-2014,159.789993,160.399994,158.304993,159.449997,148.085587,15688040
28-01-2014,160.304993,162.800003,157.824997,159.630005,148.252762,18296910
29-01-2014,161.300003,162.179993,157,157.365005,146.1492,17594550
30-01-2014,155.5,155.800003,151.005005,151.660004,140.8508,20955320
31-01-2014,153.050003,153.899994,151.300003,152.384995,141.524124,13174950
03-02-2014,152.5,152.899994,148.5,148.835007,138.227158,14150230
04-02-2014,147.399994,152.199997,146.679993,151.539993,140.739365,18002040
05-02-2014,151.889999,152.990005,150.110001,152.169998,141.324478,13227190
06-02-2014,152.210007,153.789993,149.345001,150.485001,139.759552,16116300
07-02-2014,152.005005,153.470001,150.350006,152.759995,141.872391,18203400
10-02-2014,153.035004,153.285004,150.729996,151.410004,140.618637,10494640
11-02-2014,151.494995,152.75,151.449997,151.970001,141.138702,7118720
12-02-2014,152.710007,154,151.804993,153.25,142.327484,15539930
13-02-2014,153.300003,153.580002,149.604996,150.054993,139.360184,13251910
14-02-2014,150.229996,151.479996,145.509995,147.509995,136.996582,45823350
17-02-2014,147,148.490005,146.324997,147.360001,136.857285,16601150
18-02-2014,147.699997,150.979996,147.110001,150.095001,139.397385,13981720
19-02-2014,149.990005,151.5,149.800003,150.804993,140.056747,9753850
20-02-2014,149.699997,150.104996,147.634995,148.059998,137.507385,10363320
21-02-2014,148.5,150.5,148.5,150.210007,139.50415,9430050
24-02-2014,150.074997,151.740005,148.919998,151.050003,140.284271,10295950
25-02-2014,151.699997,152.100006,149.910004,150.600006,139.866364,9445490
26-02-2014,151,153.479996,150.529999,152.039993,141.203735,31769610
28-02-2014,152.919998,153.940002,151.800003,153.324997,142.397125,13109410
03-03-2014,153,155.860001,151.509995,151.835007,141.013351,16179310
04-03-2014,151.800003,155.485001,151.5,155.035004,143.985275,17249460
05-03-2014,156,158.199997,154,157.660004,146.423172,25001030
06-03-2014,158.350006,158.350006,156.199997,157.740005,146.497482,22604310
07-03-2014,158.399994,166.445007,158.229996,164.964996,153.20752,51525570
10-03-2014,164.399994,171.100006,164,169.214996,157.154602,44180640
11-03-2014,169,172.210007,166.604996,167.479996,156.934402,25625230
12-03-2014,165.929993,167.399994,163.75,164.509995,154.151413,17206710
13-03-2014,165,169.600006,164.289993,165.210007,154.807358,29306490
14-03-2014,163.600006,166.880005,163.399994,165.414993,154.999435,17043720
18-03-2014,165.5,170.899994,165.5,170.130005,159.417542,29193580
19-03-2014,171,171.949997,169.654999,170.884995,160.125015,17798490
20-03-2014,170.600006,170.600006,167.25,167.794998,157.229568,14052620
21-03-2014,169.800003,171.179993,168.899994,170.214996,159.497192,16902930
24-03-2014,171.095001,173.990005,171.095001,172.559998,161.694565,16494770
25-03-2014,173.279999,174.770004,172.809998,174.339996,163.362473,16789650
26-03-2014,175.414993,177.399994,174.154999,176.75,165.620743,20279380
27-03-2014,178,185.380005,178,183.699997,172.133102,48585150
28-03-2014,185.649994,191.595001,185.649994,190.195007,178.219147,33298740
31-03-2014,191.5,193.880005,188.520004,191.770004,179.694962,25924470
01-04-2014,192.800003,193.354996,186.75,189.365005,177.441406,22272160
02-04-2014,192,194,188.779999,193.490005,181.306656,19202730
03-04-2014,193.399994,193.800003,188.360001,189.619995,177.680344,20425470
04-04-2014,189.899994,191.229996,187.014999,190.279999,178.298798,20800500
07-04-2014,190.970001,192.570007,189.839996,192.240005,180.135376,22630300
09-04-2014,193.005005,199.199997,193.005005,198.5,186.001205,26631730
10-04-2014,199.5,204,199.020004,202.804993,190.035141,28796540
11-04-2014,201.5,202.970001,198.440002,199.414993,186.858582,20895560
15-04-2014,199.5,200.475006,194.764999,196.404999,184.038116,16863520
16-04-2014,196.600006,199.464996,195.009995,195.940002,183.602386,19376260
17-04-2014,196.714996,202.199997,196.274994,201.729996,189.027817,21513800
21-04-2014,202.199997,207.880005,202.199997,207.210007,194.162781,18872420
22-04-2014,207.399994,207.699997,204.020004,204.854996,191.956039,18364100
23-04-2014,204.5,207.800003,204.085007,206.520004,193.51622,23265390
24-04-2014,206.520004,206.520004,206.520004,206.520004,193.51622,0
25-04-2014,206,211.154999,204.289993,208.524994,195.394958,22655730
28-04-2014,208,211.899994,207.145004,210.619995,197.358047,16889200
29-04-2014,211.975006,212.490005,206,206.580002,193.572433,16514320
30-04-2014,206.994995,210.779999,205.389999,207.860001,194.771835,22114870
02-05-2014,209.5,210.479996,204.009995,204.820007,191.923279,15446470
05-05-2014,205.449997,206.985001,203.5,204.455002,191.581253,13172760
06-05-2014,205.979996,206.375,204.070007,205.220001,192.298065,9841880
07-05-2014,205.169998,208.5,204.399994,207.580002,194.509476,19519520
08-05-2014,208.649994,210.399994,207.125,209.175003,196.004028,19363440
09-05-2014,208,218.520004,208,217.324997,203.640854,27635400
12-05-2014,218.800003,226.479996,218.800003,224.270004,210.148575,26436870
13-05-2014,228,232.399994,226.039993,227.610001,213.278244,32756640
14-05-2014,228.199997,231.585007,226.725006,228.255005,213.882629,28870930
15-05-2014,229,230.300003,227.235001,227.925003,213.573425,21093980
16-05-2014,235,250.699997,230.100006,241.720001,226.499786,79653680
19-05-2014,244.899994,259.480011,244.899994,256.809998,240.639633,36044700
20-05-2014,261.070007,261.5,251.039993,252.664993,236.75563,23419880
21-05-2014,252.800003,253,245.199997,245.929993,230.444702,23542300
22-05-2014,247.5,253.800003,247.100006,251.164993,235.350067,20116860
23-05-2014,252,277.700012,249.725006,275.350006,258.012238,89947940
26-05-2014,283.399994,283.48999,262.899994,270.190002,253.177185,43472930
27-05-2014,269.720001,270,261.670013,262.934998,246.378967,21141040
28-05-2014,263.700012,264.589996,259.015015,261.019989,244.584534,22103120
29-05-2014,260.290009,264.26001,258,260.144989,245.173569,38177620
30-05-2014,260.295013,262,253.100006,254.225006,239.594284,23614930
02-06-2014,254.899994,265.170013,252.669998,264.470001,249.249664,22338560
03-06-2014,266.61499,268.804993,262.13501,264.519989,249.296799,31312470
04-06-2014,262.230011,269.369995,262.230011,268.265015,252.826279,19581210
05-06-2014,268.450012,272.299988,267.100006,269.790009,254.263489,21508380
06-06-2014,273.5,275.470001,271.535004,273.980011,258.212402,23003760
09-06-2014,275.5,276.149994,269.709991,270.785004,255.201248,16762200
10-06-2014,271.399994,271.839996,265.109985,266.579987,251.238235,15604840
11-06-2014,268.299988,273.375,266.399994,269.734985,254.211655,20880260
12-06-2014,269.709991,271,267.01001,270.130005,254.583923,17608610
13-06-2014,270.799988,271,258.600006,260.790009,245.781479,18537170
16-06-2014,261.089996,261.494995,254.705002,258.065002,243.213303,17379420
17-06-2014,256.410004,267.234985,255.350006,265.329987,250.060165,22808210
18-06-2014,264,268.429993,260.665009,264.154999,248.95282,25021300
19-06-2014,264.700012,266.834991,259.540009,260.545013,245.550552,21446630
20-06-2014,260.700012,262.375,256.76001,258.309998,243.444183,15397210
23-06-2014,258.399994,262.454987,256.700012,260.019989,245.055756,17948990
24-06-2014,260.019989,267.380005,260.019989,266.320007,250.993195,17354830
25-06-2014,266.399994,270.429993,264.720001,269.190002,253.698044,23118070
26-06-2014,270,271.755005,263.945007,265.255005,249.989502,17973090
27-06-2014,265.549988,266.98999,262.799988,263.894989,248.707748,10927310
30-06-2014,265,270.695007,264.554993,268.625,253.165543,15140470
01-07-2014,269.899994,270.899994,267.649994,268.019989,252.595337,9828620
02-07-2014,270.005005,272.899994,269.234985,270.225006,254.673447,16497960
03-07-2014,270,272.049988,267.725006,269.619995,254.103287,14368590
04-07-2014,270.100006,271.470001,266.005005,269.809998,254.282333,15306300
07-07-2014,269.709991,271.375,267.5,268.470001,253.019485,13937420
08-07-2014,268.299988,269.700012,256,257.519989,242.699646,17690110
09-07-2014,259,261.48999,254.550003,258.225006,243.364075,18223190
10-07-2014,258.315002,265.195007,250.5,254.570007,239.919434,37386490
11-07-2014,253.149994,254.369995,241.199997,242.524994,228.567612,22975720
14-07-2014,242,244.089996,236.639999,241.104996,227.22934,16142970
15-07-2014,242.714996,252.485001,242.714996,251.759995,237.271133,20244400
16-07-2014,253.800003,258.640015,253.595001,257.355011,242.544159,21653240
17-07-2014,255.699997,262.290009,253.309998,260.225006,245.248978,16169410
18-07-2014,258.160004,258.5,253.764999,256.25,241.502731,13962750
21-07-2014,256.100006,258.200012,251.259995,252.320007,237.798904,12814270
22-07-2014,252.800003,254.899994,250.345001,252.419998,237.893158,10256470
23-07-2014,254.199997,257.295013,251.699997,254.035004,239.415207,15629540
24-07-2014,254.899994,257.095001,253.014999,255.710007,240.99382,12997790
25-07-2014,254.25,256.700012,248.309998,250.054993,235.664261,13895680
28-07-2014,250.520004,253.199997,247.5,248.964996,234.636993,12536680
30-07-2014,249.100006,250.669998,243.029999,246.949997,232.737961,24264520
31-07-2014,245.699997,248.199997,243.399994,243.925003,229.887039,18349440
01-08-2014,241.5,248.5,241,243.720001,229.693832,20333530
04-08-2014,245.300003,246.899994,244.089996,246.139999,231.974548,13946260
05-08-2014,247.654999,248.399994,244.154999,247.389999,233.152634,17961890
06-08-2014,245.5,246.470001,242.110001,242.625,228.661865,12928410
07-08-2014,241.5,244.899994,240.529999,243.610001,229.590179,15579810
08-08-2014,241.199997,244.539993,239,241.794998,227.879623,32789900
11-08-2014,243,243.994995,240.5,241.445007,227.549774,12536370
12-08-2014,242,243.889999,240.199997,242.914993,228.935165,12331020
13-08-2014,242.5,243.630005,235.25,236.895004,223.261612,20923880
14-08-2014,238.100006,238.350006,235.009995,236.25,222.653763,15800260
18-08-2014,235.5,242.925003,235.399994,242.119995,228.185913,16556210
19-08-2014,243.419998,246.199997,242.934998,244.225006,230.169785,15948060
20-08-2014,244.5,244.830002,240.850006,241.475006,227.578049,16065950
21-08-2014,241.399994,247.690002,241.009995,246.755005,232.554184,27963970
22-08-2014,247.975006,254.899994,247.975006,252.470001,237.940292,26474960
25-08-2014,253,257.73999,249.169998,250.615005,236.192032,26784130
26-08-2014,249.985001,250.899994,246.524994,249.600006,235.235458,14312180
27-08-2014,251.005005,253.524994,247.399994,250.5,236.083649,14200130
28-08-2014,251.199997,252.375,245.300003,246.070007,231.908615,14700480
01-09-2014,247.699997,251.695007,247.289993,250.434998,236.022369,15193550
02-09-2014,251.714996,253.399994,250.399994,252.199997,237.685822,16508080
03-09-2014,252.285004,252.929993,249.339996,250.5,236.083649,15715840
04-09-2014,250.600006,250.899994,247.600006,248.615005,234.307129,12428860
05-09-2014,249.100006,253,248.610001,251.574997,237.096786,16913550
08-09-2014,253.720001,257.200012,252.789993,256.589996,241.823166,17875080
09-09-2014,256.700012,258.98999,255.199997,256.734985,241.959793,12975200
10-09-2014,254.899994,256.290009,252.559998,254.994995,240.319962,16289770
11-09-2014,256.325012,260.890015,256.325012,260.309998,245.329102,15981320
12-09-2014,260.5,264.100006,258.75,263.040009,247.901978,16374410
15-09-2014,261.380005,264.390015,259.450012,262.325012,247.228104,17437540
16-09-2014,262.899994,264.399994,255,256.309998,241.55928,15687360
17-09-2014,258.339996,258.804993,253.695007,256.234985,241.488602,13044950
18-09-2014,255.399994,262.799988,254.399994,262.040009,246.959518,20121200
19-09-2014,262.600006,263.190002,255.5,256.799988,242.021057,15558510
22-09-2014,255.100006,262.5,254.229996,260.154999,245.182999,14346980
23-09-2014,260.98999,262.470001,254.914993,255.619995,240.908997,19379150
24-09-2014,255.035004,257.320007,245.570007,248.634995,234.325989,23106290
25-09-2014,249.5,249.990005,236.229996,237.770004,224.086273,28369080
26-09-2014,235.990005,246.009995,235.005005,244.524994,230.45253,28118450
29-09-2014,245.100006,247.800003,242.600006,244.970001,230.871918,13845560
30-09-2014,243.604996,247.600006,242.029999,244.570007,230.494934,18632180
01-10-2014,244.5,245.399994,241.220001,242.335007,228.388565,10544750
07-10-2014,240.464996,242.345001,235.934998,236.639999,223.021301,13002440
08-10-2014,234.604996,241.979996,234.604996,241.125,227.248184,13589310
09-10-2014,242.600006,249.850006,242.600006,247.955002,233.68512,17279230
10-10-2014,245.479996,249.320007,243.315002,245.119995,231.01326,12525220
13-10-2014,243.699997,249.440002,243.119995,248.544998,234.24115,13926640
14-10-2014,250.455002,254.399994,249.235001,252.354996,237.831894,17315970
15-10-2014,252.354996,252.354996,252.354996,252.354996,237.831894,0
16-10-2014,250.024994,255.479996,245.240005,246.639999,232.445801,19073950
17-10-2014,248.800003,253.494995,247.509995,252.190002,237.676392,14633000
20-10-2014,257.700012,259.375,255.274994,256.945007,242.15773,18824230
21-10-2014,258,260.700012,256.959991,258.415009,243.543167,15022310
22-10-2014,260.899994,261.359985,256.51001,257.524994,242.704361,14511170
27-10-2014,259.200012,261.98999,258.100006,259.779999,244.82959,13429580
28-10-2014,260.799988,266.429993,260.600006,265.674988,250.3853,22963480
29-10-2014,267.700012,267.899994,263.100006,264.375,249.160141,17372970
30-10-2014,264.98999,265.304993,262.200012,263.799988,248.618225,15544270
31-10-2014,265.200012,270.980011,264.600006,270.279999,254.725327,20770240
03-11-2014,270.600006,274.350006,269.424988,272.345001,256.671478,17780640
05-11-2014,273.299988,279.980011,272.404999,278.190002,262.180084,26605100
07-11-2014,277.5,278.100006,273,274.25,258.466858,18163030
10-11-2014,275.899994,276.899994,273.299988,273.950012,258.184113,12068890
11-11-2014,274.790009,276.25,270.5,274.035004,258.264221,17405950
12-11-2014,275.299988,277.149994,273.554993,274.605011,258.801392,16233230
13-11-2014,275.609985,276.225006,269.5,271.929993,256.280334,16859020
14-11-2014,273,280.690002,272,278.785004,262.740845,50846690
17-11-2014,279.399994,295.130005,279.220001,294.059998,277.136749,49164120
18-11-2014,295.695007,297.899994,292.410004,294.575012,277.622101,32898390
19-11-2014,294.899994,296.799988,290.355011,291.049988,274.299988,20735930
20-11-2014,294.75,298.75,291.25,297.100006,280.001801,18099509
21-11-2014,299.899994,307,297.25,305.5,287.918365,21009207
24-11-2014,307.799988,309.850006,306.049988,308.850006,291.075562,18631463
25-11-2014,309.899994,309.950012,301,304.450012,286.928833,26776620
26-11-2014,304.899994,308.75,303.600006,306.25,288.625214,11131807
27-11-2014,307,308.5,303.850006,305.850006,288.24823,15378080
28-11-2014,308.399994,322.5,308,321.399994,302.90332,27760604
01-12-2014,322.799988,326.950012,317.600006,319.600006,301.20694,18449916
02-12-2014,318.899994,322.799988,311.549988,318.700012,300.358704,23776383
03-12-2014,319.649994,322.899994,316.350006,317.950012,299.651886,13699078
04-12-2014,319.850006,321,314.049988,320.299988,301.866669,13809486
05-12-2014,320,321.299988,316,317.549988,299.274902,11391988
08-12-2014,318.600006,318.600006,312.299988,312.899994,294.892517,9814223
09-12-2014,312.700012,314.399994,305.5,306.549988,288.907959,14926558
10-12-2014,303.5,317.200012,303.299988,315.950012,297.766968,15381613
11-12-2014,313.600006,318.549988,310.450012,314.049988,295.976318,13151866
12-12-2014,313.649994,316.899994,309,311.350006,293.431732,11727933
15-12-2014,308.299988,316,307.549988,310.549988,292.677734,15117938
16-12-2014,308.100006,311,293,295.600006,278.588135,20951938
17-12-2014,294.399994,306.399994,287,301.75,284.384186,28290440
18-12-2014,310.799988,312.600006,304.5,307.100006,289.426331,18921827
19-12-2014,311.549988,312,303.5,304.149994,286.646057,14130478
22-12-2014,306.299988,308.649994,303.350006,307.700012,289.991791,11565161
23-12-2014,307.600006,312.5,306.25,307.200012,289.520599,12836868
24-12-2014,306,309.950012,305,305.75,288.153992,14866629
26-12-2014,306.850006,309.799988,306.049988,307.649994,289.944641,7373519
29-12-2014,309.5,310.200012,307,307.549988,289.850372,7699059
30-12-2014,308.200012,310.75,306,309.75,291.923767,8113742
31-12-2014,310.049988,312.950012,310,311.850006,293.902954,6305857
01-01-2015,312.450012,315,310.700012,314,295.929199,6138488
02-01-2015,314.350006,318.299988,314.350006,315.25,297.107269,9935094
05-01-2015,316.25,316.799988,312.100006,312.75,294.75116,9136716
06-01-2015,310,311.100006,298.700012,299.899994,282.640656,15329257
07-01-2015,300,302.549988,295.149994,300.149994,282.876282,15046745
08-01-2015,305,306.5,302.350006,304.850006,287.305786,8939749
09-01-2015,306.700012,307.850006,302,303.200012,285.750763,11953948
12-01-2015,304.149994,307.799988,301.100006,307.100006,289.426331,8536142
13-01-2015,308.149994,310.75,304.149994,305.100006,287.541412,9484804
14-01-2015,304,307,302.25,304.700012,287.164429,8855660
15-01-2015,319.899994,323.700012,314,320.299988,301.866669,30729523
16-01-2015,320,320.299988,313.100006,315.450012,297.295807,21598514
19-01-2015,316.549988,317.950012,312.5,313.149994,295.128082,9975658
20-01-2015,314,319.799988,314,318.149994,299.840393,13104643
21-01-2015,319.899994,327.600006,319,326.200012,307.427094,22617660
22-01-2015,326.899994,327.600006,321.799988,324.649994,305.966309,12232626
23-01-2015,328.25,332.549988,324.649994,327.450012,308.605164,17127278
27-01-2015,329.399994,332.149994,322.600006,330.049988,311.055511,13734088
28-01-2015,330.399994,336,328.200012,334.600006,315.343689,19428852
29-01-2015,332.799988,333.600006,325.100006,327,308.18103,14911660
30-01-2015,328.700012,330.5,307,308.950012,291.16983,30252827
02-02-2015,309.5,311.899994,305.100006,307.5,289.803284,17639807
03-02-2015,312,312,299.049988,300.299988,283.017639,23743882
04-02-2015,302.700012,302.950012,291.899994,293.049988,276.184845,21477507
05-02-2015,293.149994,297.799988,289.200012,290.799988,274.064362,15722348
06-02-2015,291,294.850006,285.700012,290.299988,273.59314,15985714
09-02-2015,289.5,292.799988,278,279.5,263.414703,17088719
10-02-2015,277.5,290.799988,275.700012,287.299988,270.765808,22589681
11-02-2015,290.799988,293.5,283.700012,285.950012,269.49353,17366588
12-02-2015,288.899994,289,278.299988,284.299988,267.938446,20957180
13-02-2015,288,307.950012,285.350006,306.950012,289.284943,70540056
16-02-2015,310.600006,313.149994,304.700012,306.700012,289.049316,21372131
18-02-2015,306.799988,307.899994,302,305.700012,288.106873,13472484
19-02-2015,306.100006,307.299988,296.799988,302.350006,284.949677,17762135
20-02-2015,301.899994,306.5,297.049988,302.299988,284.902527,15792502
23-02-2015,303.200012,304.600006,294.399994,296.549988,279.483459,12440505
24-02-2015,296.899994,299,292.100006,296.25,279.200714,15046698
25-02-2015,299,300.649994,295,295.549988,278.541016,12845169
26-02-2015,297,297,288.049988,289.399994,272.744904,18707345
27-02-2015,291.25,301,290.100006,299.899994,282.640656,18316053
02-03-2015,305.899994,305.899994,296.700012,302,284.619781,15085595
03-03-2015,303.5,305.399994,299.700012,302.600006,285.185303,14387971
04-03-2015,314,315,292,293.850006,276.938843,38674148
05-03-2015,294.75,296.25,289.75,293.799988,276.891693,16803823
09-03-2015,292,294,288.700012,290.649994,273.923004,13199803
10-03-2015,290.75,293.25,285.100006,287.600006,271.048523,14064427
11-03-2015,288.549988,290.899994,283.75,285.149994,268.739532,16329314
12-03-2015,288.149994,289.450012,286.100006,286.850006,270.341736,9969794
13-03-2015,290,291.049988,280,280.75,264.592712,13414248
16-03-2015,281.5,283.850006,280,281.649994,265.440979,15132928
17-03-2015,283.899994,284,279.5,283.100006,266.807556,11350496
18-03-2015,284.100006,288.450012,282,287.299988,270.765808,12394230
19-03-2015,290,290.299988,280.600006,281.600006,265.39386,11046649
20-03-2015,281.799988,282.399994,276.799988,278.25,262.236633,11482652
23-03-2015,279.399994,280,273.549988,274.75,258.93808,13058026
24-03-2015,273.799988,276.399994,269,270.549988,254.979767,17585259
25-03-2015,271.899994,272.100006,265,265.399994,250.126129,15824629
26-03-2015,264.5,265.899994,255.199997,256.649994,241.879715,22253318
27-03-2015,259.850006,264.950012,256,263.600006,248.429733,19423101
30-03-2015,265.100006,269.350006,263.149994,267.899994,252.482269,12303870
31-03-2015,268.899994,271.350006,266,267.049988,251.681168,19482636
01-04-2015,266.649994,274.649994,263.149994,273.450012,257.712891,12383589
06-04-2015,275.450012,275.75,271.200012,274.649994,258.843811,12925445
07-04-2015,275.299988,276.350006,270.299988,272.049988,256.393433,12933524
08-04-2015,271.899994,277.350006,271.850006,273.899994,258.136963,9913899
09-04-2015,275,281.799988,272.5,280.850006,264.686981,13471276
10-04-2015,281,287.350006,280.049988,285.75,269.305023,16880558
13-04-2015,287.799988,288.5,283.350006,286.299988,269.823334,11985436
15-04-2015,287.399994,294.450012,285.950012,290,273.310425,17289500
16-04-2015,290.25,294.25,286.5,292.399994,275.572296,15043998
17-04-2015,291,294.899994,289.200012,291.75,274.959686,16819018
20-04-2015,291,293.350006,284.850006,287.649994,271.095612,13788536
21-04-2015,287.399994,292,281.75,289.200012,272.556458,15487948
22-04-2015,290.549988,293.25,275.399994,283.850006,267.514343,17741741
23-04-2015,285,287.399994,276.25,277.649994,261.671173,13874710
24-04-2015,278.350006,279.600006,274.350006,275.549988,259.692017,10049508
27-04-2015,276.549988,276.549988,266.100006,267.049988,251.681168,12394191
28-04-2015,267,273.5,265.149994,272.5,256.817505,12693457
29-04-2015,272.25,273.399994,269.549988,271.899994,256.252075,8217676
30-04-2015,270.100006,273.450012,266.700012,269.75,254.225815,21635216
04-05-2015,274,278,271.649994,277.149994,261.199951,8012690
05-05-2015,277,277,271.350006,272.049988,256.393433,7102772
06-05-2015,271.450012,273.600006,263.25,265.399994,250.126129,16335660
07-05-2015,264,267.25,259.649994,260.950012,245.932266,15962706
08-05-2015,264,268,260.299988,261.950012,246.87471,14044596
11-05-2015,263.399994,277.200012,262.600006,276.049988,260.163239,17198308
12-05-2015,275.299988,275.399994,266.350006,267.399994,252.011047,12792368
13-05-2015,269.899994,275,268.049988,274.299988,258.513947,9245732
14-05-2015,274,281.899994,272.950012,280.950012,264.78125,13101418
15-05-2015,282,288.350006,282,287.450012,270.907166,18247889
18-05-2015,289.899994,290,285.399994,289.75,273.074799,13266119
19-05-2015,289.200012,291.350006,286.200012,288.450012,271.84964,14541041
20-05-2015,289.5,294.799988,289.25,292.600006,275.760803,11807544
21-05-2015,294,294.75,288.450012,290.25,273.546021,12118415
22-05-2015,293,305,280.75,282.450012,266.194946,69490117
25-05-2015,280.200012,284.299988,276.149994,277.649994,261.671173,20356833
26-05-2015,279,280.799988,276,277.149994,261.199951,9675703
27-05-2015,277,281.600006,274.200012,280.75,264.592712,12176680
28-05-2015,279.799988,279.799988,276.100006,277.600006,264.926788,13024987
29-05-2015,278.649994,281.649994,277.100006,278.149994,265.45166,14809918
01-06-2015,278.649994,282,277.549988,278.200012,265.49942,11567692
02-06-2015,278.799988,279.450012,265.350006,266.25,254.09491,21653784
03-06-2015,267,267.299988,255.050003,257.399994,245.648956,25967877
04-06-2015,259.899994,261.399994,253.75,257.600006,245.839844,20210546
05-06-2015,257,262,255.600006,257.799988,246.030685,13539638
08-06-2015,258.75,258.75,252.550003,254.949997,243.310822,17384700
09-06-2015,255,258.299988,254,257.600006,245.839844,15275972
10-06-2015,259,262.549988,258.5,260.600006,248.702881,10910978
11-06-2015,262.25,262.950012,252.649994,254,242.404175,20857622
12-06-2015,254.050003,255.5,251.800003,253.949997,242.356461,11440479
15-06-2015,255,255.600006,248.850006,250.25,238.825378,13545280
16-06-2015,250.25,255.75,249,254.600006,242.976791,9896598
17-06-2015,256,256.899994,253.5,255.100006,243.453964,11241061
18-06-2015,256.450012,260.700012,255.199997,258.100006,246.317017,11598549
19-06-2015,259.899994,263.100006,258.149994,260.149994,248.273392,12216399
22-06-2015,260.899994,267.399994,260.799988,266,253.856354,11051382
23-06-2015,269.399994,271.200012,266.25,267.75,255.526459,16180083
24-06-2015,267.700012,267.899994,260.5,262.350006,250.372986,8361760
25-06-2015,261.25,266,259.049988,264.799988,252.711136,16506503
26-06-2015,264.100006,266.899994,261.049988,265.200012,253.09288,14588452
29-06-2015,258.75,260.799988,255,259.649994,247.796219,15040805
30-06-2015,259.25,263.350006,257.600006,262.75,250.75473,14181965
01-07-2015,263.100006,269.5,262.549988,267.75,255.526459,12072024
02-07-2015,267.899994,271.25,266.100006,267.850006,255.621872,8741783
03-07-2015,267.350006,270,266.799988,269.399994,257.101135,7238541
06-07-2015,263.200012,271.5,262,270.799988,258.437195,9458200
07-07-2015,270.399994,274.649994,270,272.899994,260.441315,12523410
08-07-2015,269.899994,271,265.600006,267.350006,255.144714,12669850
09-07-2015,267,271.299988,267,267.75,255.526459,6469504
10-07-2015,270.25,271,266.25,270.549988,258.198608,8788162
13-07-2015,272,274.350006,267.899994,273.700012,261.204834,8423083
14-07-2015,273.600006,273.600006,267.149994,268.200012,255.955887,10337307
15-07-2015,268.75,271.700012,267.149994,268.049988,255.812714,7483918
16-07-2015,269.75,272.75,268.100006,272.200012,259.773285,8354120
17-07-2015,272.399994,274,270.5,271.100006,258.723541,5571891
20-07-2015,272,272,266.149994,267.450012,255.240173,6418930
21-07-2015,267,269.799988,263.5,264.299988,252.233917,5638653
22-07-2015,263.700012,269.399994,261.899994,268.549988,256.289917,11322177
23-07-2015,268.5,272,267.25,270.049988,257.721436,6376216
24-07-2015,268.700012,270.350006,262.100006,263.25,251.231888,7796401
27-07-2015,263.200012,263.399994,258.049988,258.450012,246.651047,6788558
28-07-2015,260.25,263.899994,258.350006,259.200012,247.366791,10788886
29-07-2015,260,260.700012,252.300003,253.600006,242.022446,9997136
30-07-2015,253.600006,259.5,253.600006,256.799988,245.076324,10536937
31-07-2015,258,273.75,257.549988,270.049988,257.721436,20534806
03-08-2015,270,283,269.899994,281.049988,268.219238,21901780
04-08-2015,282.5,289.950012,276.399994,288.600006,275.424591,28858887
05-08-2015,289.100006,291.799988,284.25,285.399994,272.370667,10169558
06-08-2015,285.600006,290.799988,282,289.049988,275.854034,15372143
07-08-2015,288.5,288.5,280.200012,281.299988,268.457855,13845614
10-08-2015,282.049988,286,280.100006,282.75,269.841675,14694901
11-08-2015,285.799988,289.450012,267.5,268.799988,256.528534,39233644
12-08-2015,267.450012,267.450012,255.050003,256.350006,244.646896,29724325
13-08-2015,259.75,262.850006,258.149994,259.299988,247.462204,16360033
14-08-2015,261.899994,269.399994,259.25,268.5,256.242218,14852873
17-08-2015,272,281.899994,270.799988,279.75,266.978607,27500063
18-08-2015,280.799988,288,275.549988,284.799988,271.798035,27728824
19-08-2015,283.899994,285.950012,275.549988,278,265.308533,15452575
20-08-2015,277.649994,281.649994,268,270.549988,258.198608,14577599
21-08-2015,261.5,268.899994,256.200012,267.5,255.287857,19030056
24-08-2015,254.699997,257.700012,242.399994,245.399994,234.196777,29561705
25-08-2015,250,254.800003,240,253.350006,241.783875,23492839
26-08-2015,252.5,253.300003,245,245.699997,234.483093,16325529
27-08-2015,251.149994,252,248.100006,249.449997,238.061905,21076926
28-08-2015,254.5,255.899994,247.449997,248.949997,237.584717,16644381
31-08-2015,249,251.350006,245,247.350006,236.057785,21645114
01-09-2015,244.850006,244.850006,237.699997,239.100006,228.184418,19689080
02-09-2015,242.649994,243,230.100006,230.550003,220.02475,23655457
03-09-2015,232.649994,235.399994,231,232.25,221.647125,14680299
04-09-2015,231.899994,231.899994,224,225.149994,214.871262,20466346
07-09-2015,227.100006,227.5,220.149994,221.100006,211.00618,15424783
08-09-2015,223,230.25,221.149994,228.350006,217.925186,16189253
09-09-2015,233.949997,234.5,229.100006,231.649994,221.074524,18237115
10-09-2015,227.350006,229.800003,224.100006,227.449997,217.066269,14195882
11-09-2015,230.899994,233.300003,228,230.100006,219.595291,13650937
14-09-2015,231.550003,236,230,235.25,224.510162,10671222
15-09-2015,235.199997,238.449997,232.649994,232.899994,222.267456,13193410
16-09-2015,236.399994,237.75,235,236.800003,225.989426,11272509
18-09-2015,240,246.449997,239.5,242,230.951996,16049395
21-09-2015,239.550003,246,237.25,245.25,234.053635,9602436
22-09-2015,247.949997,248.449997,236.25,237.949997,227.086899,13667322
23-09-2015,235,241.899994,233.600006,239.850006,228.900177,13614082
24-09-2015,239.449997,241.449997,238.050003,239.050003,228.136703,9299508
28-09-2015,241,243.649994,238.649994,239.449997,228.518433,8588230
29-09-2015,236,245.399994,232.199997,241.899994,230.856567,24488685
30-09-2015,244.850006,245.399994,235.699997,237.149994,226.323441,17011911
01-10-2015,241.199997,241.899994,234.399994,235.149994,224.414734,11590498
05-10-2015,238.100006,241.350006,237.25,240,229.04332,18307463
06-10-2015,242.699997,242.800003,237.699997,240.100006,229.138748,10087077
07-10-2015,240.149994,244.25,239.050003,243.550003,232.431259,10608795
08-10-2015,242.449997,245.199997,241.100006,243.300003,232.192673,9230511
09-10-2015,245.5,247.800003,240.649994,243.449997,232.3358,12171416
12-10-2015,244.100006,245.649994,241.300003,244.550003,233.38562,7566962
13-10-2015,244,247.5,242.050003,243.800003,232.66983,10200698
14-10-2015,243.699997,246.800003,243.199997,244.25,233.099289,7895820
15-10-2015,246,249.899994,245.5,248.949997,237.584717,11582401
16-10-2015,249.850006,257.149994,248.350006,256.799988,245.076324,11738832
19-10-2015,256.649994,257.100006,253.5,254.5,242.881348,8969153
20-10-2015,254.5,257.100006,253.199997,254.850006,243.215378,8811740
21-10-2015,254,255.899994,248.550003,249.800003,238.395935,8606466
23-10-2015,253,254.850006,252,253.399994,241.831573,7544810
26-10-2015,254.75,256,250.350006,251.25,239.779739,13085058
27-10-2015,250.100006,252.199997,248.100006,248.800003,237.441589,6565348
28-10-2015,248,249.449997,241.199997,242.050003,230.999725,12310403
29-10-2015,241.5,241.800003,236.449997,236.949997,226.132553,16114932
30-10-2015,238.699997,240.399994,235.100006,237.050003,226.227997,8669606
02-11-2015,238,238,232.699997,236.899994,226.084839,7611610
03-11-2015,239.350006,239.699997,235,235.949997,225.178207,8323201
04-11-2015,239.199997,240.5,237,239,228.088974,8418352
05-11-2015,238,239,233.100006,233.899994,223.221817,8906564
06-11-2015,235.600006,244.800003,233,243,231.906357,30821077
09-11-2015,236,248.300003,235.600006,246.100006,234.864838,22806485
10-11-2015,244.899994,247.25,240.100006,241.199997,230.188538,11767845
13-11-2015,241.5,241.800003,237.699997,240.25,229.281906,9082062
16-11-2015,239.5,249.350006,239.100006,248.300003,236.964401,14051479
17-11-2015,250,251.649994,246.699997,247.850006,236.534958,11273394
18-11-2015,247.600006,248.699997,239.449997,241,229.997665,10397889
19-11-2015,243.050003,245,241.399994,243.899994,232.765259,7325199
20-11-2015,243.949997,249.899994,242,242.949997,231.858643,13718619
23-11-2015,243.899994,245.25,240.550003,242.699997,231.620071,10552151
24-11-2015,242.5,244,240.600006,241.399994,230.37941,6651669
26-11-2015,241.949997,244.899994,241,242.5,231.429199,13629888
27-11-2015,243,250.5,242.800003,249.699997,238.300491,15149912
30-11-2015,249.649994,253,245,248.649994,237.298416,12865469
01-12-2015,250.850006,251.899994,249.300003,250.199997,238.777649,9501537
02-12-2015,250.550003,250.649994,243.75,244.600006,233.433334,10881754
03-12-2015,244.149994,244.5,240.399994,241.100006,230.093109,7155630
04-12-2015,240,242.149994,238.050003,241.100006,230.093109,11115170
07-12-2015,242.949997,242.949997,238,238.649994,227.754944,7531729
08-12-2015,238.100006,239.949997,235.300003,235.949997,225.178207,8254434
09-12-2015,235.399994,238.199997,233.600006,234.399994,223.698975,7408777
10-12-2015,236,236.75,230.600006,231.949997,221.360825,11713559
11-12-2015,232.899994,233.899994,225.100006,227.300003,216.923111,12872949
14-12-2015,224.899994,227.699997,224,225.949997,215.63475,12464883
15-12-2015,227,227.149994,224,226.399994,216.064194,10404430
16-12-2015,227.75,229.600006,225.25,227.300003,216.923111,13030720
17-12-2015,230,232.399994,228.5,230.899994,220.358749,14539096
18-12-2015,229.949997,232.350006,225.800003,226.5,216.159653,18871084
21-12-2015,226.899994,231,226.5,230.449997,219.929291,9557098
22-12-2015,231.649994,232.25,227.5,228.350006,217.925186,9155574
23-12-2015,230.25,231,228.899994,229.649994,219.165833,7914311
24-12-2015,230.850006,231,227.600006,228.300003,217.877457,7257958
28-12-2015,229.050003,229.949997,228,228.899994,218.450058,8756879
29-12-2015,228.850006,229.949997,227.5,228.199997,217.782028,7263286
30-12-2015,229,229.699997,224.850006,225.800003,215.491592,11702877
31-12-2015,225.949997,226.550003,224,224.449997,214.203217,11558305
01-01-2016,225,228.899994,224.5,227.800003,217.400284,6449426
04-01-2016,226.949997,226.949997,220.050003,220.699997,210.624405,14092071
05-01-2016,222.800003,222.800003,217,217.75,207.809113,15074848
06-01-2016,217.899994,219.899994,216.399994,216.850006,206.950195,11921123
07-01-2016,214,214.100006,209,209.550003,199.983459,14342279
08-01-2016,212,212.5,208.600006,208.949997,199.410843,11745840
11-01-2016,206.800003,207.5,202.649994,204.300003,194.973129,19287860
12-01-2016,204.850006,205,198.600006,199.399994,190.296829,20318816
13-01-2016,201.350006,202.399994,194,200.899994,191.728333,23788247
14-01-2016,197,201.5,194.300003,196.050003,187.099777,20256636
15-01-2016,197.800003,197.800003,181,184.300003,175.886185,29090426
18-01-2016,184.899994,188.149994,179.149994,181,172.736847,35653244
19-01-2016,182.149994,187.800003,181.5,182.949997,174.597794,24501774
20-01-2016,180.649994,180.649994,171.5,173.649994,165.722366,28655794
21-01-2016,177,178.649994,172.050003,175.600006,167.583374,28697205
22-01-2016,179.899994,185.399994,178.300003,184.600006,176.172501,21432409
25-01-2016,187.899994,188.800003,182.5,182.949997,174.597794,17534650
27-01-2016,184.399994,186.199997,181.050003,184.399994,175.981598,16569813
28-01-2016,184.199997,185.899994,182.5,185.25,176.792816,20241030
29-01-2016,184.199997,185.75,178.100006,179.899994,171.687057,24259147
01-02-2016,181.949997,181.949997,172.100006,172.75,164.86348,22915269
02-02-2016,173.100006,177.399994,168.600006,169.399994,161.666397,35957332
03-02-2016,167.800003,167.800003,163.25,166.050003,158.469345,24132003
04-02-2016,169.300003,169.800003,160.199997,162.850006,155.415451,23811109
05-02-2016,163.699997,169.300003,162.199997,168.199997,160.521194,22732245
08-02-2016,169.449997,176.899994,168.550003,172.149994,164.290863,22289005
09-02-2016,168,172.399994,166.100006,167.050003,159.423706,19008384
10-02-2016,165,166.199997,158,159,151.741196,32294785
11-02-2016,159.5,167.5,152.199997,154.25,147.208038,72749830
12-02-2016,156.149994,157.649994,148.25,154.800003,147.732941,41187889
15-02-2016,159,170,158,167.850006,160.18718,35956266
16-02-2016,170.75,170.75,155.649994,156.399994,149.259888,33816243
17-02-2016,155,159.850006,151.25,158.949997,151.693481,32447698
18-02-2016,161.949997,163.699997,156.399994,159.800003,152.504684,21024178
19-02-2016,157.899994,165.300003,157.100006,164.699997,157.180984,24592575
22-02-2016,165.949997,166.800003,163.699997,164.949997,157.419556,15815058
23-02-2016,165,165,158,158.5,151.264038,20200068
24-02-2016,156,160.699997,155.300003,156.300003,149.164459,19440950
25-02-2016,157.600006,158.100006,151,151.800003,144.869904,22713124
26-02-2016,155.5,158.699997,152.550003,155.899994,148.78273,30051402
29-02-2016,158.199997,163.899994,153,158.75,151.502609,66981910
01-03-2016,160.5,162.899994,158.550003,162.050003,154.651978,23588231
02-03-2016,172.5,183.199997,172.5,181.149994,172.879974,53333757
03-03-2016,184,184.600006,178.5,182.75,174.406937,33507048
04-03-2016,183.399994,189.850006,178.5,188.399994,179.799011,38860711
08-03-2016,186.949997,186.949997,181.399994,183.350006,174.979568,27928279
09-03-2016,180,184,178.699997,183.399994,175.027267,29453018
10-03-2016,184.75,184.75,179.399994,180.5,172.259659,20472928
11-03-2016,180,182.649994,177.550003,180.100006,171.87793,21869157
14-03-2016,182.449997,183.399994,180.699997,181.75,173.452606,14369755
15-03-2016,181.649994,186.199997,181.649994,185.300003,176.84053,22369600
16-03-2016,185,185.899994,181.600006,185.199997,176.745102,19237834
17-03-2016,188,189.300003,185,186.350006,177.842606,21560986
18-03-2016,186.850006,192,186,191.25,182.51889,21144216
21-03-2016,193,197.300003,193,196.800003,187.815521,20678069
22-03-2016,196.800003,198.25,194.5,197.5,188.483566,16728809
23-03-2016,196.899994,197.600006,195.300003,196.600006,187.62468,13362780
28-03-2016,195.800003,198.25,187.649994,188.300003,179.703583,19760603
29-03-2016,188.5,191.25,186.649994,189.5,180.848785,16804848
30-03-2016,192.25,198.300003,190.5,197.550003,188.531281,20709407
31-03-2016,197.850006,198.75,192.350006,194.25,185.381958,30132473
01-04-2016,193.699997,197.25,192,195.649994,186.718018,21752206
04-04-2016,197.300003,197.449997,192.550003,194.699997,185.811386,15732565
05-04-2016,193.899994,194.550003,183.300003,184.350006,175.933899,36635637
06-04-2016,185,185.5,182.199997,183.850006,175.456726,16350631
07-04-2016,183.800003,185.649994,181,181.949997,173.643463,19430601
08-04-2016,181.649994,183.949997,180.199997,183.100006,174.740982,15805231
11-04-2016,183.850006,188.899994,182,188.25,179.655853,18990364
12-04-2016,188.5,190.25,186.300003,187.800003,179.22641,14563344
13-04-2016,191.550003,193.800003,190.800003,191.899994,183.139221,17573045
18-04-2016,191.449997,191.5,185.600006,186.75,178.224319,13985439
20-04-2016,188.350006,188.649994,184.100006,187.300003,178.749252,20163005
21-04-2016,190.5,197.399994,190,194.350006,185.477386,31008152
22-04-2016,193.600006,201.5,191.550003,200.149994,191.012589,34049763
25-04-2016,200.949997,202.550003,195.800003,197.050003,188.054123,23835613
26-04-2016,195.949997,201.399994,194.550003,200.949997,191.776062,21809451
27-04-2016,200.899994,200.899994,195.5,196.149994,187.195206,22801603
28-04-2016,196.75,198.199997,191.199997,192.050003,183.282379,24555479
29-04-2016,191.899994,194,186.449997,189,180.371597,21021661
02-05-2016,187.600006,188.449997,185.5,186,177.508575,14469844
03-05-2016,187,189.350006,183.649994,184.050003,175.647614,16247931
04-05-2016,183.5,184.399994,179.149994,179.949997,171.734772,17826594
05-05-2016,180.25,182.699997,178.5,180.350006,172.116531,17742028
06-05-2016,180.949997,184.949997,180.100006,184.350006,175.933899,18336962
09-05-2016,186.5,189.399994,185.050003,188.699997,180.085312,13863696
10-05-2016,187.600006,190.300003,186.699997,189.5,180.848785,13845979
11-05-2016,185.399994,188.5,184.100006,185,176.55423,18128414
12-05-2016,187.100006,189.5,185.399994,188.5,179.89444,17398341
13-05-2016,187.949997,187.949997,184.300003,184.850006,176.411072,15546644
16-05-2016,185,185,175.149994,176.800003,168.728592,30937008
17-05-2016,178.5,178.600006,175.25,176.850006,168.776306,22183140
18-05-2016,176.899994,180.449997,173.550003,179.949997,171.734772,25345278
19-05-2016,181,181,171.899994,172.699997,164.815765,25480517
20-05-2016,173.5,174.699997,170.550003,171.350006,163.52739,16720624
23-05-2016,172.300003,172.699997,168.199997,168.399994,160.712067,16193112
24-05-2016,168.800003,170.399994,166.399994,169.5,161.761841,14816798
25-05-2016,171.5,175.800003,171.449997,175.100006,167.106186,18900887
26-05-2016,175.100006,185.5,173.5,184.149994,175.743027,30700988
27-05-2016,184,202.399994,181.5,195.899994,186.956604,85585820
30-05-2016,200.199997,203.899994,194.600006,198.850006,189.771942,46075949
31-05-2016,198.800003,205.699997,196.199997,204.949997,195.59346,39457647
01-06-2016,205.949997,208.300003,196.600006,198.25,189.199326,41868032
02-06-2016,197.850006,202.300003,195.550003,200.550003,191.394318,23499884
03-06-2016,201,202.149994,195.399994,196.600006,190.08905,24568749
06-06-2016,197.449997,202.600006,197.100006,198.899994,192.312866,23623536
07-06-2016,200.449997,211.149994,200.149994,210.149994,203.190277,66063192
08-06-2016,210.149994,211.899994,207.550003,210.699997,203.722076,35163093
09-06-2016,210,212.800003,208.300003,209.949997,202.996918,27858182
10-06-2016,209.350006,211.5,205.300003,205.949997,199.129379,25598224
13-06-2016,201.5,202.600006,200.199997,201.800003,195.116821,21192525
14-06-2016,204.350006,208.600006,203.800003,207.699997,200.821426,23918910
15-06-2016,209.75,217.550003,208.550003,216.050003,208.894897,48362742
16-06-2016,216,218.5,213.050003,216,208.846558,48122379
17-06-2016,216.75,217.5,211.600006,213.449997,206.380997,26486677
20-06-2016,208,216.699997,207.899994,215.899994,208.749863,32633757
21-06-2016,215,217.5,213.149994,214,206.912781,18960306
22-06-2016,214,215.25,211.449997,212.899994,205.849213,16395548
23-06-2016,213,218,212.75,217.550003,210.34523,20666649
24-06-2016,205.899994,212.350006,202.5,211.25,204.25386,47224652
27-06-2016,210.800003,218.850006,210.550003,217.149994,209.958466,29021651
28-06-2016,216.75,218.649994,215.399994,215.899994,208.749863,21784062
29-06-2016,217.899994,218.800003,216.100006,217.199997,210.006805,18019568
30-06-2016,220,221.899994,217.899994,218.800003,211.553818,30600995
01-07-2016,220.800003,221,218.899994,219.600006,212.327347,15346865
04-07-2016,222.350006,224.350006,222,223,215.614731,16534518
05-07-2016,223.25,225.149994,221.550003,223.5,216.098175,15357018
07-07-2016,223.899994,224.600006,219.350006,220.050003,212.762436,12917872
08-07-2016,220.149994,220.850006,216.5,218.300003,211.070389,16017389
11-07-2016,223.600006,225.449997,222,224.699997,217.258423,15831791
12-07-2016,225,227.199997,224.149994,226.699997,219.192184,19374179
13-07-2016,227,228.5,223.949997,227.699997,220.159073,18377333
14-07-2016,227,232.850006,226,232,224.316666,21208021
15-07-2016,232.899994,234.399994,230.800003,231.5,223.833221,15068302
18-07-2016,232.399994,233.850006,228.199997,228.75,221.174301,11816985
19-07-2016,230,232.149994,227,229.600006,221.996155,19767339
20-07-2016,230.649994,232.75,229.199997,231.149994,223.494812,18051608
21-07-2016,231.649994,232.100006,224.399994,225.649994,218.176971,13306837
22-07-2016,225.399994,225.899994,222.100006,223.5,216.098175,12341622
25-07-2016,223,231,222.699997,229.899994,222.286209,18427070
26-07-2016,230,232.199997,225.899994,226.699997,219.192184,14162638
27-07-2016,227.75,231,226.800003,229.25,221.65773,17626617
28-07-2016,230.149994,235.149994,229.300003,231,223.349777,26838284
29-07-2016,230,232.699997,228.399994,229.399994,221.802765,15577230
01-08-2016,230.800003,232.649994,225.300003,227.300003,219.772308,16071228
02-08-2016,229.300003,230.899994,227.300003,228.050003,220.497498,16145066
03-08-2016,228.5,230.5,225.800003,226.649994,219.143845,14838944
04-08-2016,228.449997,228.699997,223.199997,225.649994,218.176971,17810908
05-08-2016,227.350006,233.899994,226.899994,232.75,225.041824,21264296
08-08-2016,233.949997,235.899994,231.699997,233.25,225.525269,16972827
09-08-2016,234.25,238,232.649994,235.149994,227.362335,19854185
10-08-2016,236.75,236.899994,231.050003,231.5,223.833221,16279843
11-08-2016,231.5,231.600006,226.100006,227.149994,219.627274,16673286
12-08-2016,227,247.949997,224.399994,243.300003,235.242447,86616475
16-08-2016,245.25,247.899994,242.649994,246.75,238.578186,27709873
17-08-2016,246.449997,249.800003,244.300003,246.25,238.094727,18294050
18-08-2016,246.899994,250.399994,246.550003,248.399994,240.173523,14314950
19-08-2016,255,260,253.5,258.5,249.939041,39822529
22-08-2016,259.799988,260.399994,254,254.800003,246.361588,19769886
23-08-2016,254.899994,255.800003,251,254.75,246.313232,17583721
24-08-2016,254.949997,256.200012,253.5,254.399994,245.974823,11560293
25-08-2016,254.899994,255.550003,248.600006,250.149994,241.86557,21230706
26-08-2016,250.300003,250.699997,245.850006,246.600006,238.433167,16531983
29-08-2016,245.850006,249.850006,244.25,249.050003,240.802017,11786129
30-08-2016,250.149994,252.899994,249.800003,252.25,243.896027,15323228
31-08-2016,253.25,255.800003,251.199997,252.5,244.137756,15601566
01-09-2016,251.949997,254.850006,251.149994,252,243.654312,12175873
02-09-2016,252,255.199997,251.649994,254.600006,246.168198,11380257
06-09-2016,257.200012,261.5,256,260.100006,251.486038,16620963
07-09-2016,262.899994,270.299988,260.399994,266.799988,257.964172,30862337
08-09-2016,268,271.600006,266.899994,268.350006,259.46283,14339143
09-09-2016,268.399994,268.399994,263.350006,264.100006,255.353577,11455826
12-09-2016,257.5,258.75,251.800003,252.75,244.379456,18989750
14-09-2016,255,258,253,257.549988,249.020508,12754966
15-09-2016,258.350006,258.350006,254.199997,256,247.521835,7783662
16-09-2016,257.950012,262,253.399994,254.300003,245.878143,18013477
19-09-2016,256,258.299988,255.199997,255.649994,247.183441,11433295
20-09-2016,256.399994,256.399994,253.649994,254.449997,246.023163,9914599
21-09-2016,254.5,256.25,250.649994,251.149994,242.832458,12817180
22-09-2016,257.899994,258.450012,255.100006,257.899994,249.358917,20797370
23-09-2016,258.799988,258.799988,253.800003,254.550003,246.119858,12730223
26-09-2016,253.949997,254.449997,250.649994,251.649994,243.315903,8800173
27-09-2016,253.149994,253.899994,248.300003,249,240.753662,11345387
28-09-2016,250,255.800003,248.050003,253.75,245.346359,17277539
29-09-2016,255,256.75,243.5,247.25,239.061615,27870695
30-09-2016,246.850006,252.5,245.800003,251.25,242.929153,14826293
03-10-2016,253,256.649994,252.649994,255.300003,246.845032,9314647
04-10-2016,255.800003,262,253.800003,259.75,251.147644,21532806
05-10-2016,262,264.899994,259.549988,260.850006,252.211243,20868556
06-10-2016,261.350006,262,255.649994,256.799988,248.295334,11081154
07-10-2016,257.25,259.899994,255.25,258.700012,250.132431,11934100
10-10-2016,259.350006,260.299988,256.049988,256.600006,248.101974,9399844
13-10-2016,254.949997,255.350006,245.850006,249.649994,241.382141,18050638
14-10-2016,251,253.550003,249.100006,252.100006,243.751007,12133951
17-10-2016,253.75,256.450012,252,253.199997,244.814575,16865537
18-10-2016,254.899994,257.700012,253.800003,256.899994,248.392014,20218355
19-10-2016,258,258,254.850006,255.399994,246.941711,9546481
20-10-2016,255.699997,260.899994,255.300003,260.200012,251.582748,14179531
21-10-2016,259.75,259.75,256.100006,258.5,249.939041,8833390
24-10-2016,259.299988,264.899994,259.299988,262.950012,254.241684,14483254
25-10-2016,264,264.549988,260.75,261.450012,252.791367,9079178
26-10-2016,260.399994,264.850006,256.799988,258.75,250.180756,15020687
27-10-2016,258,258.100006,254.300003,255.399994,246.941711,10938008
28-10-2016,255.899994,258.799988,254,258,249.455612,11430184
01-11-2016,257,260.899994,256.5,258.950012,250.374146,10000632
02-11-2016,254.100006,256,250.550003,251.050003,242.735794,13716294
03-11-2016,251.149994,252.800003,244.850006,245.649994,237.514603,12902390
04-11-2016,246.25,247.399994,240.300003,242.850006,234.807358,12657669
07-11-2016,248,253.899994,245.5,252.699997,244.331116,11224419
08-11-2016,253.699997,254.100006,248.649994,252.649994,244.282776,9367228
09-11-2016,235,261.049988,235,260,251.389359,31761606
10-11-2016,267,284.200012,265.25,281.299988,271.983948,50227559
11-11-2016,278.75,288.799988,270.5,273,263.958862,57937113
15-11-2016,275.149994,283.450012,270.700012,278.200012,268.986633,48658808
16-11-2016,284,284.799988,276.149994,277.200012,268.019775,27532708
17-11-2016,278,282.200012,275.600006,277.450012,268.261475,19500760
18-11-2016,278.149994,280,274.850006,275.799988,266.666107,13389671
21-11-2016,277.149994,277.600006,255.850006,257.350006,248.827133,26002028
22-11-2016,260.799988,262.649994,251.149994,257.350006,248.827133,25631435
23-11-2016,259.799988,260.350006,254.75,258.649994,250.084061,16190033
24-11-2016,257.799988,263,254.550003,261.75,253.081421,28927720
25-11-2016,263.5,264.5,258.350006,260.950012,252.307922,19303589
28-11-2016,253.449997,257.75,248,253.550003,245.152985,22315183
29-11-2016,254.25,256.5,252,252.699997,244.331116,12656706
30-11-2016,254,260.149994,252.699997,258.350006,249.794006,16501691
01-12-2016,259.649994,261,254.649994,255.649994,247.183441,12986151
02-12-2016,253.949997,261.399994,253,254.100006,245.684769,21139754
05-12-2016,254.399994,257.799988,253.199997,256.899994,248.392014,8406973
06-12-2016,258.5,260.149994,256.350006,259.100006,250.51918,10048459
07-12-2016,260.350006,262.75,251.649994,255.600006,247.135101,22193202
08-12-2016,258.450012,260.5,258.049988,259.899994,251.292664,9047721
09-12-2016,260.799988,267.200012,258.799988,266.649994,257.819153,16004173
12-12-2016,268.899994,269.350006,262.299988,263.649994,254.918457,14296268
13-12-2016,264.899994,266.75,261.549988,266.149994,257.335693,9084137
14-12-2016,266,266.25,262.299988,262.899994,254.193329,8672531
15-12-2016,259.899994,267.5,259,265.399994,256.610535,12274497
16-12-2016,266.350006,266.350006,263.049988,264.75,255.982086,11017555
19-12-2016,263.350006,264.5,260.850006,261.350006,252.694672,8371299
20-12-2016,261.850006,262.899994,253.25,254.550003,246.119858,12765309
21-12-2016,256.100006,258,254.100006,255.350006,246.893372,8778450
22-12-2016,254.25,254.25,248.350006,249.800003,241.527176,12981595
23-12-2016,249.75,251.800003,247.800003,249.149994,240.898697,10557157
26-12-2016,248,248.300003,243.600006,244.199997,236.112625,8592983
27-12-2016,244.600006,249.949997,243.100006,248.75,240.511963,8756536
28-12-2016,249.25,252.5,247.149994,247.75,239.545074,11747088
29-12-2016,247.649994,248.850006,245.5,247.649994,239.448364,10658616
30-12-2016,247.75,252.300003,247.25,250.199997,241.913925,10538497
02-01-2017,252.5,253.649994,242.600006,243.600006,235.532516,25988990
03-01-2017,244,246.399994,241.100006,244.899994,236.789444,15963085
04-01-2017,245.800003,246.399994,242.199997,242.899994,234.855682,11225978
05-01-2017,245,245.899994,243.699997,245.350006,237.224548,11970913
06-01-2017,246,249,245.5,245.899994,237.756332,12354302
09-01-2017,246.399994,248.350006,246,247.050003,238.868256,8329253
10-01-2017,247.699997,249,246.399994,248.300003,240.076843,9352013
11-01-2017,249.649994,253.199997,249,252.149994,243.799332,13415303
12-01-2017,252.899994,254.449997,250.550003,251.25,242.929153,11282323
13-01-2017,252,252.600006,249.100006,250.899994,242.590744,9333736
16-01-2017,251.050003,256.399994,250.699997,255.75,247.280121,13234727
17-01-2017,257.450012,258.649994,254.399994,256,247.521835,9480201
18-01-2017,257.100006,259.299988,256.600006,258.350006,249.794006,8048897
19-01-2017,257.200012,262,256.5,258.399994,249.842361,13029151
20-01-2017,258.5,260.5,250.300003,251.050003,242.735794,15341756
23-01-2017,251,255.199997,250.100006,254.149994,245.733093,9339939
24-01-2017,255.100006,257,254,254.899994,246.458252,13540202
25-01-2017,255.550003,261,254.199997,259.200012,250.61586,16343545
27-01-2017,260.299988,268.200012,259.5,266.450012,257.625793,18039379
30-01-2017,265.850006,267.899994,263.399994,263.950012,255.208557,11884795
31-01-2017,261.149994,263.850006,259.649994,260.350006,251.727798,8899165
01-02-2017,262,271.899994,261.600006,270.700012,261.735016,27253142
02-02-2017,271.850006,275,268.700012,273.299988,264.248901,20139955
03-02-2017,273,278.549988,272,277.549988,268.358154,15366890
06-02-2017,280,282.5,276,277.049988,267.874695,14725291
07-02-2017,277.850006,280,276.299988,277.899994,268.696564,10981984
08-02-2017,278.100006,279.25,272.600006,277.200012,268.019775,13622088
09-02-2017,278.799988,280.299988,270.850006,275.850006,266.714447,16080181
10-02-2017,278.75,282.799988,275,276.350006,267.197876,37580487
13-02-2017,277.799988,278.25,270.200012,271.649994,262.653534,19853043
14-02-2017,272,273,268.100006,270.200012,261.251587,13306738
15-02-2017,270.950012,272.5,267.049988,268.950012,260.042969,12201568
16-02-2017,277,277,269.649994,270.5,261.541626,21794688
17-02-2017,271.149994,273.649994,267.700012,269.350006,260.429749,17830528
20-02-2017,269.899994,271.549988,268,269.649994,260.719788,9229363
21-02-2017,270,271.5,268.649994,270.700012,261.735016,7754157
22-02-2017,271.899994,274.700012,269.5,272.299988,263.282013,12617613
23-02-2017,271.700012,273,269.600006,270.450012,261.493317,13146194
27-02-2017,270.799988,271.450012,267.600006,268.25,259.366119,9645350
28-02-2017,268.899994,271.25,268,269.200012,260.284698,7941592
01-03-2017,270,273.299988,269.799988,271.75,262.750214,7656892
02-03-2017,273,274.700012,266.5,267.299988,258.447571,14220808
03-03-2017,266.25,268.899994,264.25,265.049988,256.272125,10120034
06-03-2017,266.600006,270.350006,266.350006,269.850006,260.913177,9515073
07-03-2017,270.799988,270.899994,266.399994,267.799988,258.93103,11599142
08-03-2017,267.799988,270.299988,266,269.899994,260.961487,9122987
09-03-2017,269,273.899994,268.399994,273.25,264.200562,15594429
10-03-2017,274.5,275.549988,269.5,272.049988,263.040283,9557026
14-03-2017,278.399994,278.399994,273.799988,274.649994,265.554169,15734886
15-03-2017,272.649994,280.5,272.649994,277.350006,268.164795,20055974
16-03-2017,278,280.200012,276.049988,279.299988,270.050171,18005184
17-03-2017,279.450012,279.5,273.5,274.149994,265.07077,14265642
20-03-2017,274.75,274.75,271.799988,273.899994,264.829041,9678185
21-03-2017,274.399994,277.049988,270.149994,272.350006,263.330353,11898233
22-03-2017,270.299988,271,266.799988,267.5,258.640991,9887203
23-03-2017,269,269.399994,266.700012,268.5,259.607849,7998170
24-03-2017,269.5,278.950012,268.649994,276.5,267.342896,20133467
27-03-2017,276,280.799988,275.200012,279.450012,270.195251,15966114
28-03-2017,280.649994,282.899994,278.5,282.100006,272.757477,18673371
29-03-2017,283.149994,289.899994,283.149994,288.450012,278.897156,31008407
30-03-2017,289,293.75,288.850006,291.049988,281.411041,19683170
31-03-2017,292,295,288.5,293.399994,283.683228,20185269
03-04-2017,294.799988,295.700012,292.200012,293.149994,283.441498,10509610
05-04-2017,293.299988,298.75,289.649994,297.350006,287.502411,21936647
06-04-2017,295.450012,297.549988,291.450012,292.850006,283.151459,18413111
07-04-2017,291.700012,294.799988,287.649994,289.450012,279.864044,10765502
10-04-2017,289.799988,290.350006,286.549988,289.350006,279.767334,10307875
11-04-2017,289.299988,295.149994,288.799988,294.5,284.746826,11682024
12-04-2017,294,295.450012,289.100006,290.149994,280.540863,13251421
13-04-2017,290.25,293.100006,290,291.549988,281.894501,9944020
17-04-2017,291.100006,292.75,288.5,289.899994,280.299164,8146800
18-04-2017,291.049988,296.899994,288.399994,290.299988,280.685883,13457050
19-04-2017,291.549988,291.75,282.899994,284.049988,274.642883,18149995
20-04-2017,283.899994,286.899994,282.200012,284.799988,275.368011,14514929
21-04-2017,287,287,279.25,282.200012,272.854187,12042308
24-04-2017,283.25,287.850006,280.899994,286.049988,276.57666,10077853
25-04-2017,287.5,288.799988,285,286.049988,276.57666,11531902
26-04-2017,287.100006,289.5,283.350006,286.450012,276.963409,13836891
27-04-2017,286.450012,287.950012,281.049988,282.049988,272.709106,22622372
28-04-2017,283,290.75,282.5,289.75,280.154114,14152004
02-05-2017,290.25,292.5,287.100006,288.299988,278.752106,9754789
03-05-2017,289.399994,293.200012,285.799988,289.799988,280.202423,13950914
04-05-2017,294,300,293.100006,299.049988,289.146118,24534923
05-05-2017,301,304.899994,292.149994,296,286.197144,34756331
08-05-2017,296.100006,300.75,293.899994,299.399994,289.484528,11560550
09-05-2017,300.899994,300.899994,295.25,296.5,286.680573,7843574
10-05-2017,297,298.149994,293,294.450012,284.698486,8699405
11-05-2017,295.899994,299.399994,294.450012,298.100006,288.22757,11934889
12-05-2017,300,302.600006,296,297.899994,288.03421,13376269
15-05-2017,298.399994,302,297.5,301.399994,291.418274,10383539
16-05-2017,302,308.399994,299.350006,307.5,297.316284,17533439
17-05-2017,308,308.799988,305.5,307.649994,297.461304,14120513
18-05-2017,304.850006,307.899994,302,302.950012,292.916992,15471393
19-05-2017,304.450012,315.299988,302,308,297.799744,55250969
22-05-2017,308.950012,309.399994,293.200012,294.299988,284.553436,35771221
23-05-2017,295,295.899994,287.25,288.850006,279.283936,19846852
24-05-2017,290.049988,290.450012,281.649994,283.149994,273.772705,16435958
25-05-2017,284.149994,291.350006,283.549988,290.100006,280.492554,15018467
26-05-2017,290.5,291,285.299988,288.450012,281.419373,12304394
29-05-2017,288.899994,290.850006,283.299988,284,277.07785,10619968
30-05-2017,283.399994,289.75,281.049988,288.850006,281.809631,9643418
31-05-2017,289,291.5,287.200012,288.299988,281.27301,10697171
01-06-2017,287.950012,291.399994,284.600006,287.450012,280.443756,12186700
02-06-2017,289.899994,290.5,286.350006,287.049988,280.053497,12004368
05-06-2017,288.049988,289.75,286.75,287.25,280.248627,7917410
06-06-2017,292,292.950012,286.600006,287.299988,280.297394,12346121
07-06-2017,288.200012,291.5,287.200012,290.549988,283.468201,10864355
08-06-2017,292,292,287.75,288.600006,281.565735,8370299
09-06-2017,288.299988,289.399994,285.799988,288.549988,281.516907,10804887
12-06-2017,286.75,287,284.299988,284.950012,278.0047,10326846
13-06-2017,285.399994,287,283,283.850006,276.931488,9171049
14-06-2017,285.899994,286.299988,282.600006,284.200012,277.27298,11566255
15-06-2017,283.850006,285.799988,281.350006,284,277.07785,11925641
16-06-2017,284.700012,286.649994,283.25,285.950012,278.980347,19246907
19-06-2017,286.600006,289.850006,285.299988,288.850006,281.809631,14848661
20-06-2017,287.600006,291,285.600006,290.100006,283.029175,14927701
21-06-2017,288.25,292.450012,288.25,290.899994,283.809662,10537576
22-06-2017,291.25,295.899994,291.049988,294.5,287.32193,26110402
23-06-2017,294.75,295.549988,287.799988,288.950012,281.907196,20648597
27-06-2017,289.25,289.450012,276.799988,279.649994,272.833862,25523129
28-06-2017,277.600006,278.450012,273.75,276.399994,269.663055,17241351
29-06-2017,277.149994,279.299988,271.649994,272.450012,265.809357,30457363
30-06-2017,272,274.75,269.700012,273.649994,266.980103,12235472
03-07-2017,274.100006,275.5,272.549988,274.850006,268.150879,8951033
04-07-2017,275,276.450012,272.049988,273,266.345978,7856082
05-07-2017,273.899994,275.600006,272.350006,274.899994,268.199646,10048734
06-07-2017,275.049988,282.700012,274.600006,281,274.15094,16115817
07-07-2017,280.600006,282.399994,279.200012,280.100006,273.272888,5914038
10-07-2017,284.100006,287,283.200012,285.549988,278.590027,2095795
11-07-2017,287.5,289.700012,283,283.549988,276.638794,12400820
12-07-2017,284.700012,288.399994,283.200012,287.649994,280.638855,7524835
13-07-2017,288.899994,290,286.549988,288.75,281.712067,8434324
14-07-2017,288.799988,293.600006,287.25,291.600006,284.492615,13750192
17-07-2017,292.799988,294.100006,289.649994,293,285.858459,10549310
18-07-2017,291.850006,296.399994,290,291,283.907227,11913832
19-07-2017,291.5,294,291.399994,293.299988,286.151154,9006728
20-07-2017,293,294.25,290.049988,290.950012,283.858459,6256500
21-07-2017,291.049988,292.200012,288.25,290.649994,283.565765,7266604
24-07-2017,290.799988,296.299988,290.700012,294.549988,287.370697,11195781
25-07-2017,296,297.299988,294.649994,296.100006,288.882935,10846999
26-07-2017,296.25,299.649994,295.25,295.799988,288.59021,12527914
27-07-2017,297,299.850006,296.200012,298.350006,291.078094,22286060
28-07-2017,297,300.75,295.600006,299.100006,291.809814,15766196
31-07-2017,299.399994,313.850006,298,312.5,304.883179,41547584
01-08-2017,314,314.799988,307.950012,309,301.468506,14888804
02-08-2017,310,311.799988,305.299988,307.700012,300.200195,17005571
03-08-2017,307,307.399994,299.100006,300.549988,293.224426,14459919
04-08-2017,300.299988,306.299988,297.600006,305.25,297.809906,9615344
07-08-2017,305.799988,311.799988,305.149994,311.200012,303.614899,11420767
08-08-2017,311,311.799988,301.200012,303.649994,296.248901,13578680
09-08-2017,302.75,307.450012,300.100006,302.299988,294.931763,15852734
10-08-2017,301.200012,302.399994,292,296.700012,289.468292,14519518
11-08-2017,294.5,303,277.450012,280.149994,273.321655,67652562
14-08-2017,281.450012,282.399994,276.5,278.200012,271.41922,23773509
16-08-2017,279.049988,283.899994,274.200012,283.100006,276.199799,21074533
17-08-2017,283.799988,284.700012,280,280.850006,274.004608,12134114
18-08-2017,278,279.649994,276,278.700012,271.907043,12653217
21-08-2017,279,280.649994,273.350006,274.649994,267.955719,9247153
22-08-2017,276,277,271.200012,273.899994,267.22403,11814388
23-08-2017,274.75,279.700012,274.200012,279,272.199707,11317821
24-08-2017,279.700012,281.450012,277.5,280.299988,273.468018,14138226
28-08-2017,282.100006,282.100006,279,279.350006,272.541168,10505317
29-08-2017,278.450012,280.850006,276.049988,277,270.248444,10335964
30-08-2017,278,279.25,276,276.600006,269.858215,7648702
31-08-2017,276.850006,279.5,274.200012,277.75,270.980194,14222467
01-09-2017,277.649994,280.399994,276.600006,277.850006,271.077759,8255209
04-09-2017,278.950012,279.600006,276.399994,277.75,270.980194,7168751
05-09-2017,278.100006,279.5,275.950012,276.549988,269.809387,9565430
06-09-2017,275.950012,276.649994,273.649994,274.25,267.565491,7306781
07-09-2017,275.399994,276.899994,273.100006,274.200012,267.516724,16102724
08-09-2017,274.899994,275.399994,271.100006,271.799988,265.175171,7077895
11-09-2017,272.600006,273.5,269.549988,270.950012,264.345917,14489224
12-09-2017,272,275.649994,270.5,273.450012,266.785004,8375133
13-09-2017,274.950012,276.600006,272.5,273.399994,266.736206,10150073
14-09-2017,273.399994,275.600006,272.299988,274.200012,267.516724,8015217
15-09-2017,270.75,274.5,269.899994,271.5,264.882507,18404860
18-09-2017,273,274,269.450012,270.399994,263.809326,17538678
19-09-2017,270.450012,270.799988,266.450012,267.799988,261.272675,14331316
20-09-2017,268.149994,272.049988,267.450012,270.049988,263.467834,12355806
21-09-2017,269.75,271.399994,267.350006,268.5,261.955627,8509419
22-09-2017,267.25,267.399994,261.100006,261.850006,255.467728,12860892
25-09-2017,261.5,261.799988,254.399994,258.75,252.443268,13937050
26-09-2017,258.5,259.649994,256,258.25,251.95546,11728345
27-09-2017,259.899994,259.899994,249.5,250.399994,244.296783,17080769
28-09-2017,250.25,253.550003,249.5,252.550003,246.394394,17776419
29-09-2017,254.699997,255.5,253.050003,253.850006,247.66272,10073641
03-10-2017,256.399994,256.399994,250.600006,251.300003,245.174866,10547836
04-10-2017,251.649994,254.649994,251.350006,253.199997,247.028549,14063896
05-10-2017,253.699997,254.100006,249.199997,251.600006,245.46756,13476692
06-10-2017,252.149994,257.899994,252.100006,256.75,250.49202,11932139
09-10-2017,256.799988,258.600006,254.25,256.850006,250.589584,8009211
10-10-2017,256.850006,258.200012,255.699997,256.950012,250.687149,9742878
11-10-2017,257.149994,258.450012,250.449997,251.75,245.613892,14192548
12-10-2017,252,252.949997,248.5,251.199997,245.077301,13404759
13-10-2017,251.100006,255.350006,250.199997,252.100006,245.955368,15697555
16-10-2017,254.600006,254.699997,250.100006,252.050003,245.906586,12171830
17-10-2017,252.050003,254.699997,250.649994,251.149994,245.028519,13505216
18-10-2017,246,247.800003,242.550003,243.75,237.808884,20677891
19-10-2017,243.800003,245.25,241.149994,242.75,236.833267,3458869
23-10-2017,244,247,242.300003,245.949997,239.955261,8901335
24-10-2017,246,255.300003,245.949997,254.449997,248.248077,17197805
25-10-2017,279.850006,328.049988,279.850006,324.899994,316.980957,262677081
26-10-2017,330,351.299988,317.5,320.5,312.688202,112804243
27-10-2017,320.25,323.600006,310.100006,311.049988,303.468536,27580765
30-10-2017,312,322.350006,310.600006,312,304.395386,28530254
31-10-2017,313,313.850006,304.299988,305.799988,298.346466,16455750
01-11-2017,309.399994,321.450012,309.399994,319.850006,312.054047,34907283
02-11-2017,320,323.149994,313.549988,314.350006,306.68808,23110527
03-11-2017,315.450012,327.5,312.600006,325,317.078522,26898400
06-11-2017,323.600006,330,321.450012,329,320.981018,17143407
07-11-2017,328.950012,331.700012,315.5,317.200012,309.468628,21883541
08-11-2017,318,319.299988,306.649994,309.549988,302.005066,20242447
09-11-2017,313.149994,318,308.200012,313.700012,306.053955,21846178
10-11-2017,315,338.5,309.5,333.549988,325.420105,82984969
13-11-2017,336.75,344.799988,329.75,331.049988,322.981018,38777555
14-11-2017,330.350006,334.700012,327.5,329.100006,321.078583,25647162
15-11-2017,328,331.149994,322.25,324.950012,317.029755,17389606
16-11-2017,327.399994,334.200012,323.649994,333.399994,325.273773,22506014
17-11-2017,345,346.700012,336,337.5,329.273834,26518142
20-11-2017,337.100006,337.149994,331.25,333,324.883545,13507662
21-11-2017,335,335.399994,330,330.649994,322.59079,14189920
22-11-2017,330.850006,339.649994,327,335.299988,327.127441,22861716
23-11-2017,335.5,336.649994,331.649994,334.950012,326.786011,13338423
24-11-2017,336,337,331.5,332.399994,324.298157,11716981
27-11-2017,329.899994,337,328.049988,335.649994,327.468903,13114683
28-11-2017,336,336.700012,331.200012,332,323.907898,16054996
29-11-2017,332.350006,334.850006,327.200012,328.899994,320.883453,11264624
30-11-2017,325.799988,326.5,318.5,320.350006,312.54187,27276288
01-12-2017,321.5,322.299988,311.25,312.75,305.127106,16425620
04-12-2017,314.700012,315.950012,311.149994,313.600006,305.95639,13887727
05-12-2017,312.5,320.700012,308.799988,319.100006,311.322327,15130931
06-12-2017,316.700012,317.399994,311.5,312.399994,304.785614,18658202
07-12-2017,312.5,317.75,312.450012,316.399994,308.688141,12278558
08-12-2017,316.600006,318.850006,312.100006,313.100006,305.468567,16418832
11-12-2017,315.950012,319.299988,315.100006,318.399994,310.639374,14014369
12-12-2017,317.75,320.5,314.649994,318.450012,310.688171,17658856
13-12-2017,316.149994,318.950012,311.149994,313.299988,305.663666,17540585
14-12-2017,314.299988,315.399994,309.5,314,306.346619,13894451
15-12-2017,318.399994,319.350006,311.5,312.25,304.639282,16050711
18-12-2017,308,323.5,300.399994,318.899994,311.127167,32119915
19-12-2017,319.450012,322.25,318.399994,319.799988,312.005249,14741481
20-12-2017,319,319,316.5,317.5,309.761322,9895770
21-12-2017,316.600006,318.200012,315.399994,316.75,309.029602,9916409
22-12-2017,317.100006,323.850006,316.5,319.850006,312.054047,13821639
26-12-2017,318.600006,319.950012,316.299988,317.149994,309.41983,9329690
27-12-2017,316.5,320.299988,313.049988,314.850006,307.175903,14276027
28-12-2017,315.299988,316.5,307.649994,308.399994,300.883118,20353152
29-12-2017,310,312,309.049988,309.899994,302.346558,11939569
01-01-2018,310.600006,312.75,306.299988,307.100006,299.614838,12182400
02-01-2018,309,309,301.350006,303.25,295.858643,14797364
03-01-2018,305.299988,306.450012,302.149994,302.850006,295.468414,13857373
04-01-2018,304.5,310.200012,303.149994,308.5,300.980682,24517099
05-01-2018,311.399994,311.399994,305.600006,306.350006,298.883087,14580575
08-01-2018,307.200012,309.5,305,305.799988,298.346466,13557197
09-01-2018,307.5,309.5,303.299988,304.299988,296.883057,15574755
10-01-2018,304.649994,305.850006,300,301.100006,293.761047,13064599
11-01-2018,300.899994,303,300,302.200012,294.834229,12298455
12-01-2018,304.649994,304.649994,300.549988,302.25,294.882996,17594228
15-01-2018,303.950012,305.25,301.549988,302.600006,295.224518,18189668
16-01-2018,302.399994,303.350006,295.299988,296.149994,288.931702,18040940
17-01-2018,296,308.399994,292.600006,307.100006,299.614838,26277307
18-01-2018,315,317.799988,300.5,303.25,295.858643,40000111
19-01-2018,303.950012,310,302.5,309.25,301.712402,18461642
22-01-2018,308.350006,308.75,304.049988,306.5,299.029419,12622645
23-01-2018,306.399994,320.549988,306.350006,318.100006,310.34668,35252217
24-01-2018,317.700012,331.600006,316.200012,329.899994,321.85907,38070520
25-01-2018,332.75,332.75,311.850006,313.149994,305.517334,42466150
29-01-2018,313.149994,316.899994,311,312.100006,304.49295,23600898
30-01-2018,312.049988,318.850006,311,313.549988,305.907593,25810404
31-01-2018,313,316.600006,307.850006,313.25,305.614899,16409938
01-02-2018,316.899994,317.399994,305,306.049988,298.590363,19515991
02-02-2018,302.899994,305.75,295.5,297.350006,290.102448,23274673
05-02-2018,292.649994,300.399994,290,298.049988,290.78537,18940578
06-02-2018,285,297.299988,282.899994,291.75,284.638947,30577218
07-02-2018,296.600006,297.899994,290,292.799988,285.66333,21463818
08-02-2018,292.899994,303.299988,292.549988,301.399994,294.053711,18932796
09-02-2018,297,300.600006,295,296.399994,289.175598,15750824
12-02-2018,288.25,292.399994,285.149994,288.75,281.712067,50839665
14-02-2018,288.700012,288.700012,275,276.200012,269.467957,45641149
15-02-2018,274.799988,282.299988,274.25,278.700012,271.907043,26058237
16-02-2018,280.5,281.200012,270.049988,271.649994,265.028839,30338112
19-02-2018,271.5,272,256.649994,268.5,261.955627,43847791
20-02-2018,269,274.200012,264.799988,269.649994,263.077606,33458021
21-02-2018,272.200012,274.100006,267.399994,273.299988,266.638641,23714454
22-02-2018,270.399994,273.600006,269.450012,272.600006,265.955688,25584062
23-02-2018,273.450012,277.200012,272.5,276.049988,269.321594,15482147
26-02-2018,280,280,273.850006,274.450012,267.76062,15306032
27-02-2018,273,275.899994,265.950012,267.600006,261.077576,20824909
28-02-2018,264.25,269.700012,260.799988,268,261.467804,26810799
01-03-2018,266.299988,270,261.25,262.149994,255.760406,22859175
05-03-2018,260.450012,265,258.75,263.5,257.077484,18484565
06-03-2018,265.850006,266,255,256.549988,250.29689,20778164
07-03-2018,255.050003,255.350006,246.050003,246.649994,240.638199,31262500
08-03-2018,247,257.950012,244.300003,256.799988,250.540787,33133336
09-03-2018,257,257.399994,251.649994,253.25,247.077332,21536191
12-03-2018,254.100006,255.25,247.25,252.850006,246.687103,25332474
13-03-2018,251.300003,262.399994,249.600006,254.699997,248.491989,37647221
14-03-2018,252.5,257.850006,250,257.049988,250.784714,25471485
15-03-2018,257,258.799988,252.550003,253.699997,247.516357,18339890
16-03-2018,250.649994,255.699997,250.100006,252.300003,246.150482,25728297
19-03-2018,252.899994,253.600006,246.100006,247.949997,241.906509,18167594
20-03-2018,246.850006,252.25,245.350006,249.100006,243.028488,20556571
21-03-2018,251.75,254.300003,247.100006,248,241.955292,19533972
22-03-2018,247,247.350006,240.649994,241.550003,235.662506,26828240
23-03-2018,237.800003,239.649994,232.350006,234.800003,229.077026,27150262
26-03-2018,234.75,247.850006,234.25,246.5,240.491867,30373940
27-03-2018,250,255.5,248,254.350006,248.150528,31205051
28-03-2018,252,256.200012,248.699997,249.899994,243.808975,36673566
02-04-2018,251.800003,252,244.899994,246.149994,240.150375,14993188
03-04-2018,249.550003,252.800003,248.25,250.5,244.394363,19883309
04-04-2018,251.699997,253,245.5,247.300003,241.272369,18824449
05-04-2018,252.600006,261.899994,250,259.299988,252.979858,22880821
06-04-2018,259.649994,261.450012,254.850006,259.700012,253.370117,24868860
09-04-2018,260.649994,262.75,257.600006,260.649994,254.296967,20208874
10-04-2018,261.100006,265,258.5,263.299988,256.882355,21201141
